2025-03-19 10:18:00,306 - DEBUG - Starting new HTTP connection (1): 127.0.0.1:8000
2025-03-19 10:18:00,310 - DEBUG - http://127.0.0.1:8000 "GET /chat HTTP/1.1" 405 31
2025-03-19 10:18:00,450 - DEBUG - STREAM b'IHDR' 16 13
2025-03-19 10:18:00,450 - DEBUG - STREAM b'sRGB' 41 1
2025-03-19 10:18:00,450 - DEBUG - STREAM b'IDAT' 54 8192
2025-03-19 10:18:01,198 - DEBUG - Successfully loaded extension "markdown.extensions.fenced_code.FencedCodeExtension".
2025-03-19 10:18:01,200 - DEBUG - Successfully loaded extension "markdown.extensions.tables.TableExtension".
2025-03-19 10:18:01,266 - DEBUG - CoInitializeEx(None, 2)
2025-03-19 10:18:01,324 - INFO - Imported existing <module 'comtypes.gen' from 'C:\\Users\\Tuf\\anaconda3\\envs\\depression\\Lib\\site-packages\\comtypes\\gen\\__init__.py'>
2025-03-19 10:18:01,324 - INFO - Using writeable comtypes cache directory: 'C:\Users\Tuf\anaconda3\envs\depression\Lib\site-packages\comtypes\gen'
2025-03-19 10:18:01,409 - DEBUG - SAPI.SPVoice -> {96749377-3391-11D2-9EE3-00C04F797396}
2025-03-19 10:18:01,410 - DEBUG - CoCreateInstance({96749377-3391-11D2-9EE3-00C04F797396}, clsctx=None, interface=None)
2025-03-19 10:18:01,419 - DEBUG - GetBestInterface(<POINTER(IUnknown) ptr=0x20ba51d7770 at 20bd032e2d0>)
2025-03-19 10:18:01,419 - DEBUG - Does implement IProvideClassInfo
2025-03-19 10:18:01,421 - DEBUG - Default interface is {269316D8-57BD-11D2-9EEE-00C04F797396}
2025-03-19 10:18:01,421 - DEBUG - Release <POINTER(IUnknown) ptr=0x20ba51d77b0 at 20bd032e750>
2025-03-19 10:18:01,422 - DEBUG - GetModule(TLIBATTR(GUID={C866CA3A-32F7-11D2-9602-00C04F8EE628}, Version=5.4, LCID=0, FLags=0x8))
2025-03-19 10:18:01,422 - DEBUG - Implements default interface from typeinfo <class 'comtypes.gen._C866CA3A_32F7_11D2_9602_00C04F8EE628_0_5_4.ISpeechVoice'>
2025-03-19 10:18:01,423 - DEBUG - Final result is <POINTER(ISpeechVoice) ptr=0x20ba51d77b0 at 20bd032e6d0>
2025-03-19 10:18:01,423 - DEBUG - Release <POINTER(IProvideClassInfo) ptr=0x20ba51d77d0 at 20bd032e3d0>
2025-03-19 10:18:01,423 - DEBUG - Release <POINTER(ITypeInfo) ptr=0x20bc5c09168 at 20bd032e350>
2025-03-19 10:18:01,424 - DEBUG - Release <POINTER(ITypeInfo) ptr=0x20bc5c091c0 at 20bd032e550>
2025-03-19 10:18:01,424 - DEBUG - Release <POINTER(ITypeLib) ptr=0x20bc0076e70 at 20bd032e750>
2025-03-19 10:18:01,424 - DEBUG - Release <POINTER(IUnknown) ptr=0x20ba51d7770 at 20bd032e2d0>
2025-03-19 10:18:01,425 - DEBUG - <POINTER(ISpeechVoice) ptr=0x20ba51d77b0 at 20bd032e6d0> using sinkinterface from clsid <class 'comtypes.gen._C866CA3A_32F7_11D2_9602_00C04F8EE628_0_5_4._ISpeechVoiceEvents'>
2025-03-19 10:18:01,425 - DEBUG - Release <POINTER(IProvideClassInfo2) ptr=0x20ba51d77d0 at 20bd000bbd0>
2025-03-19 10:18:01,426 - DEBUG - <comtypes.client._events.CreateEventReceiver.<locals>.Sink object at 0x0000020BCFF15690>: _ISpeechVoiceEvents.VoiceChange not implemented
2025-03-19 10:18:01,426 - DEBUG - <comtypes.client._events.CreateEventReceiver.<locals>.Sink object at 0x0000020BCFF15690>: _ISpeechVoiceEvents.Bookmark not implemented
2025-03-19 10:18:01,426 - DEBUG - <comtypes.client._events.CreateEventReceiver.<locals>.Sink object at 0x0000020BCFF15690>: _ISpeechVoiceEvents.Sentence not implemented
2025-03-19 10:18:01,427 - DEBUG - <comtypes.client._events.CreateEventReceiver.<locals>.Sink object at 0x0000020BCFF15690>: _ISpeechVoiceEvents.Phoneme not implemented
2025-03-19 10:18:01,427 - DEBUG - <comtypes.client._events.CreateEventReceiver.<locals>.Sink object at 0x0000020BCFF15690>: _ISpeechVoiceEvents.Viseme not implemented
2025-03-19 10:18:01,427 - DEBUG - <comtypes.client._events.CreateEventReceiver.<locals>.Sink object at 0x0000020BCFF15690>: _ISpeechVoiceEvents.AudioLevel not implemented
2025-03-19 10:18:01,427 - DEBUG - <comtypes.client._events.CreateEventReceiver.<locals>.Sink object at 0x0000020BCFF15690>: _ISpeechVoiceEvents.EnginePrivate not implemented
2025-03-19 10:18:01,427 - DEBUG - Start advise <class 'comtypes.gen._C866CA3A_32F7_11D2_9602_00C04F8EE628_0_5_4._ISpeechVoiceEvents'>
2025-03-19 10:18:01,428 - DEBUG - <comtypes.client._events.CreateEventReceiver.<locals>.Sink object at 0x0000020BCFF15690>.QueryInterface({A372ACD1-3BEF-4BBD-8FFB-CB3E2B416AF8}) -> S_OK
2025-03-19 10:18:01,428 - DEBUG - 1 active COM objects: Added   <comtypes.client._events.CreateEventReceiver.<locals>.Sink object at 0x0000020BCFF15690>
2025-03-19 10:18:01,428 - DEBUG - <comtypes.client._events.CreateEventReceiver.<locals>.Sink object at 0x0000020BCFF15690>.AddRef() -> 1
2025-03-19 10:18:01,431 - DEBUG - Release <POINTER(IConnectionPointContainer) ptr=0x20ba51d77d8 at 20bd00ac1d0>
2025-03-19 10:18:01,546 - DEBUG - wrap_outparam(<POINTER(ISpeechObjectToken) ptr=0x20ba51d8370 at 20bd00ac1d0>)
2025-03-19 10:18:01,546 - DEBUG - Release <POINTER(ISpeechObjectToken) ptr=0x20ba51d8370 at 20bd00ac1d0>
2025-03-19 10:18:01,548 - DEBUG - wrap_outparam(<POINTER(ISpeechObjectTokens) ptr=0x20ba5221ac0 at 20bd00ac1d0>)
2025-03-19 10:18:01,548 - DEBUG - Release <POINTER(IUnknown) ptr=0x20bd6dd5f60 at 20bd00ac3d0>
2025-03-19 10:18:01,548 - DEBUG - wrap_outparam(<POINTER(IDispatch) ptr=0x20bd6d85120 at 20bd000bed0>)
2025-03-19 10:18:01,549 - DEBUG - GetBestInterface(<POINTER(IDispatch) ptr=0x20bd6d85120 at 20bd000bed0>)
2025-03-19 10:18:01,550 - DEBUG - Does NOT implement IProvideClassInfo, trying IProvideClassInfo2
2025-03-19 10:18:01,550 - DEBUG - Does NOT implement IProvideClassInfo/IProvideClassInfo2
2025-03-19 10:18:01,551 - DEBUG - Release <POINTER(IUnknown) ptr=0x20bc5c09270 at 20bd000b8d0>
2025-03-19 10:18:01,551 - DEBUG - Default interface is {C74A3ADC-B727-4500-A84A-B526721C8B8C}
2025-03-19 10:18:01,551 - DEBUG - Release <POINTER(IUnknown) ptr=0x20bd6d85120 at 20bd032fb50>
2025-03-19 10:18:01,553 - DEBUG - GetModule(TLIBATTR(GUID={C866CA3A-32F7-11D2-9602-00C04F8EE628}, Version=5.4, LCID=0, FLags=0x8))
2025-03-19 10:18:01,553 - DEBUG - Implements default interface from typeinfo <class 'comtypes.gen._C866CA3A_32F7_11D2_9602_00C04F8EE628_0_5_4.ISpeechObjectToken'>
2025-03-19 10:18:01,553 - DEBUG - Final result is <POINTER(ISpeechObjectToken) ptr=0x20bd6d85120 at 20bd032fb50>
2025-03-19 10:18:01,554 - DEBUG - Release <POINTER(IDispatch) ptr=0x20bd6d85120 at 20bd000bad0>
2025-03-19 10:18:01,554 - DEBUG - Release <POINTER(ITypeInfo) ptr=0x20bc5c09270 at 20bd032fad0>
2025-03-19 10:18:01,554 - DEBUG - Release <POINTER(ITypeLib) ptr=0x20bc0076e70 at 20bd000b8d0>
2025-03-19 10:18:01,554 - DEBUG - Release <POINTER(IDispatch) ptr=0x20bd6d85120 at 20bd000bed0>
2025-03-19 10:18:01,554 - DEBUG - Release <POINTER(IEnumVARIANT) ptr=0x20bd6dd5f60 at 20bd00ac2d0>
2025-03-19 10:18:01,555 - DEBUG - Release <POINTER(ISpeechObjectTokens) ptr=0x20ba5221ac0 at 20bd00ac1d0>
2025-03-19 10:18:01,555 - DEBUG - Release <POINTER(ISpeechObjectToken) ptr=0x20bd6d85120 at 20bd032fb50>
2025-03-19 10:18:01,556 - DEBUG - wrap_outparam(<POINTER(ISpeechObjectToken) ptr=0x20ba51d8370 at 20bd00ac3d0>)
2025-03-19 10:18:01,556 - DEBUG - Release <POINTER(ISpeechObjectToken) ptr=0x20ba51d8370 at 20bd00ac3d0>
2025-03-19 10:18:01,973 - DEBUG - <comtypes.client._events.CreateEventReceiver.<locals>.Sink object at 0x0000020BCFF15690>.AddRef() -> 2
2025-03-19 10:18:01,973 - DEBUG - <comtypes.client._events.CreateEventReceiver.<locals>.Sink object at 0x0000020BCFF15690>.Release() -> 1
2025-03-19 10:18:01,974 - DEBUG - <comtypes.client._events.CreateEventReceiver.<locals>.Sink object at 0x0000020BCFF15690>.AddRef() -> 2
2025-03-19 10:18:01,974 - DEBUG - wrap_outparam(<POINTER(IDispatch) ptr=0x20ba51dd440 at 20bd2cc98d0>)
2025-03-19 10:18:01,974 - DEBUG - GetBestInterface(<POINTER(IDispatch) ptr=0x20ba51dd440 at 20bd2cc98d0>)
2025-03-19 10:18:01,975 - DEBUG - Does NOT implement IProvideClassInfo, trying IProvideClassInfo2
2025-03-19 10:18:01,975 - DEBUG - Does NOT implement IProvideClassInfo/IProvideClassInfo2
2025-03-19 10:18:01,976 - DEBUG - Release <POINTER(IUnknown) ptr=0x20bc5c09270 at 20bd2ccb4d0>
2025-03-19 10:18:01,976 - DEBUG - Default interface is {C74A3ADC-B727-4500-A84A-B526721C8B8C}
2025-03-19 10:18:01,976 - DEBUG - Release <POINTER(IUnknown) ptr=0x20ba51dd440 at 20bd2ccb5d0>
2025-03-19 10:18:01,977 - DEBUG - GetModule(TLIBATTR(GUID={C866CA3A-32F7-11D2-9602-00C04F8EE628}, Version=5.4, LCID=0, FLags=0x8))
2025-03-19 10:18:01,977 - DEBUG - Implements default interface from typeinfo <class 'comtypes.gen._C866CA3A_32F7_11D2_9602_00C04F8EE628_0_5_4.ISpeechObjectToken'>
2025-03-19 10:18:01,978 - DEBUG - Final result is <POINTER(ISpeechObjectToken) ptr=0x20ba51dd440 at 20bd2ccb4d0>
2025-03-19 10:18:01,978 - DEBUG - Release <POINTER(IDispatch) ptr=0x20ba51dd440 at 20bd2ccb450>
2025-03-19 10:18:01,979 - DEBUG - Release <POINTER(ITypeInfo) ptr=0x20bc5c09270 at 20bd2ccb550>
2025-03-19 10:18:01,979 - DEBUG - Release <POINTER(ITypeLib) ptr=0x20bc0076e70 at 20bd2ccb5d0>
2025-03-19 10:18:01,979 - DEBUG - Release <POINTER(IDispatch) ptr=0x20ba51dd440 at 20bd2cc98d0>
2025-03-19 10:18:01,979 - DEBUG - unimplemented method _ISpeechVoiceEvents_VoiceChange called
2025-03-19 10:18:01,979 - DEBUG - Release <POINTER(ISpeechObjectToken) ptr=0x20ba51dd440 at 20bd2ccb4d0>
2025-03-19 10:18:01,979 - DEBUG - <comtypes.client._events.CreateEventReceiver.<locals>.Sink object at 0x0000020BCFF15690>.Release() -> 1
2025-03-19 10:18:01,980 - DEBUG - <comtypes.client._events.CreateEventReceiver.<locals>.Sink object at 0x0000020BCFF15690>.AddRef() -> 2
2025-03-19 10:18:01,981 - DEBUG - unimplemented method _ISpeechVoiceEvents_Sentence called
2025-03-19 10:18:01,982 - DEBUG - <comtypes.client._events.CreateEventReceiver.<locals>.Sink object at 0x0000020BCFF15690>.Release() -> 1
2025-03-19 10:18:01,982 - DEBUG - <comtypes.client._events.CreateEventReceiver.<locals>.Sink object at 0x0000020BCFF15690>.AddRef() -> 2
2025-03-19 10:18:01,982 - DEBUG - unimplemented method _ISpeechVoiceEvents_Phoneme called
2025-03-19 10:18:01,982 - DEBUG - <comtypes.client._events.CreateEventReceiver.<locals>.Sink object at 0x0000020BCFF15690>.Release() -> 1
2025-03-19 10:18:01,983 - DEBUG - <comtypes.client._events.CreateEventReceiver.<locals>.Sink object at 0x0000020BCFF15690>.AddRef() -> 2
2025-03-19 10:18:01,983 - DEBUG - unimplemented method _ISpeechVoiceEvents_Viseme called
2025-03-19 10:18:01,983 - DEBUG - <comtypes.client._events.CreateEventReceiver.<locals>.Sink object at 0x0000020BCFF15690>.Release() -> 1
2025-03-19 10:18:02,085 - DEBUG - <comtypes.client._events.CreateEventReceiver.<locals>.Sink object at 0x0000020BCFF15690>.AddRef() -> 2
2025-03-19 10:18:02,086 - DEBUG - <comtypes.client._events.CreateEventReceiver.<locals>.Sink object at 0x0000020BCFF15690>.Release() -> 1
2025-03-19 10:18:02,086 - DEBUG - <comtypes.client._events.CreateEventReceiver.<locals>.Sink object at 0x0000020BCFF15690>.AddRef() -> 2
2025-03-19 10:18:02,086 - DEBUG - unimplemented method _ISpeechVoiceEvents_Phoneme called
2025-03-19 10:18:02,086 - DEBUG - <comtypes.client._events.CreateEventReceiver.<locals>.Sink object at 0x0000020BCFF15690>.Release() -> 1
2025-03-19 10:18:02,087 - DEBUG - <comtypes.client._events.CreateEventReceiver.<locals>.Sink object at 0x0000020BCFF15690>.AddRef() -> 2
2025-03-19 10:18:02,087 - DEBUG - unimplemented method _ISpeechVoiceEvents_Viseme called
2025-03-19 10:18:02,088 - DEBUG - <comtypes.client._events.CreateEventReceiver.<locals>.Sink object at 0x0000020BCFF15690>.Release() -> 1
2025-03-19 10:18:02,220 - DEBUG - <comtypes.client._events.CreateEventReceiver.<locals>.Sink object at 0x0000020BCFF15690>.AddRef() -> 2
2025-03-19 10:18:02,221 - DEBUG - unimplemented method _ISpeechVoiceEvents_Phoneme called
2025-03-19 10:18:02,221 - DEBUG - <comtypes.client._events.CreateEventReceiver.<locals>.Sink object at 0x0000020BCFF15690>.Release() -> 1
2025-03-19 10:18:02,221 - DEBUG - <comtypes.client._events.CreateEventReceiver.<locals>.Sink object at 0x0000020BCFF15690>.AddRef() -> 2
2025-03-19 10:18:02,223 - DEBUG - unimplemented method _ISpeechVoiceEvents_Viseme called
2025-03-19 10:18:02,224 - DEBUG - <comtypes.client._events.CreateEventReceiver.<locals>.Sink object at 0x0000020BCFF15690>.Release() -> 1
2025-03-19 10:18:02,224 - DEBUG - <comtypes.client._events.CreateEventReceiver.<locals>.Sink object at 0x0000020BCFF15690>.AddRef() -> 2
2025-03-19 10:18:02,225 - DEBUG - unimplemented method _ISpeechVoiceEvents_Phoneme called
2025-03-19 10:18:02,225 - DEBUG - <comtypes.client._events.CreateEventReceiver.<locals>.Sink object at 0x0000020BCFF15690>.Release() -> 1
2025-03-19 10:18:02,226 - DEBUG - <comtypes.client._events.CreateEventReceiver.<locals>.Sink object at 0x0000020BCFF15690>.AddRef() -> 2
2025-03-19 10:18:02,226 - DEBUG - unimplemented method _ISpeechVoiceEvents_Viseme called
2025-03-19 10:18:02,226 - DEBUG - <comtypes.client._events.CreateEventReceiver.<locals>.Sink object at 0x0000020BCFF15690>.Release() -> 1
2025-03-19 10:18:02,328 - DEBUG - <comtypes.client._events.CreateEventReceiver.<locals>.Sink object at 0x0000020BCFF15690>.AddRef() -> 2
2025-03-19 10:18:02,328 - DEBUG - unimplemented method _ISpeechVoiceEvents_Phoneme called
2025-03-19 10:18:02,329 - DEBUG - <comtypes.client._events.CreateEventReceiver.<locals>.Sink object at 0x0000020BCFF15690>.Release() -> 1
2025-03-19 10:18:02,329 - DEBUG - <comtypes.client._events.CreateEventReceiver.<locals>.Sink object at 0x0000020BCFF15690>.AddRef() -> 2
2025-03-19 10:18:02,330 - DEBUG - unimplemented method _ISpeechVoiceEvents_Viseme called
2025-03-19 10:18:02,330 - DEBUG - <comtypes.client._events.CreateEventReceiver.<locals>.Sink object at 0x0000020BCFF15690>.Release() -> 1
2025-03-19 10:18:02,536 - DEBUG - <comtypes.client._events.CreateEventReceiver.<locals>.Sink object at 0x0000020BCFF15690>.AddRef() -> 2
2025-03-19 10:18:02,536 - DEBUG - unimplemented method _ISpeechVoiceEvents_Phoneme called
2025-03-19 10:18:02,536 - DEBUG - <comtypes.client._events.CreateEventReceiver.<locals>.Sink object at 0x0000020BCFF15690>.Release() -> 1
2025-03-19 10:18:02,537 - DEBUG - <comtypes.client._events.CreateEventReceiver.<locals>.Sink object at 0x0000020BCFF15690>.AddRef() -> 2
2025-03-19 10:18:02,537 - DEBUG - unimplemented method _ISpeechVoiceEvents_Viseme called
2025-03-19 10:18:02,538 - DEBUG - <comtypes.client._events.CreateEventReceiver.<locals>.Sink object at 0x0000020BCFF15690>.Release() -> 1
2025-03-19 10:18:03,296 - DEBUG - <comtypes.client._events.CreateEventReceiver.<locals>.Sink object at 0x0000020BCFF15690>.AddRef() -> 2
2025-03-19 10:18:03,296 - DEBUG - unimplemented method _ISpeechVoiceEvents_Sentence called
2025-03-19 10:18:03,296 - DEBUG - <comtypes.client._events.CreateEventReceiver.<locals>.Sink object at 0x0000020BCFF15690>.Release() -> 1
2025-03-19 10:18:03,296 - DEBUG - <comtypes.client._events.CreateEventReceiver.<locals>.Sink object at 0x0000020BCFF15690>.AddRef() -> 2
2025-03-19 10:18:03,296 - DEBUG - unimplemented method _ISpeechVoiceEvents_Phoneme called
2025-03-19 10:18:03,296 - DEBUG - <comtypes.client._events.CreateEventReceiver.<locals>.Sink object at 0x0000020BCFF15690>.Release() -> 1
2025-03-19 10:18:03,296 - DEBUG - <comtypes.client._events.CreateEventReceiver.<locals>.Sink object at 0x0000020BCFF15690>.AddRef() -> 2
2025-03-19 10:18:03,298 - DEBUG - unimplemented method _ISpeechVoiceEvents_Viseme called
2025-03-19 10:18:03,298 - DEBUG - <comtypes.client._events.CreateEventReceiver.<locals>.Sink object at 0x0000020BCFF15690>.Release() -> 1
2025-03-19 10:18:03,399 - DEBUG - <comtypes.client._events.CreateEventReceiver.<locals>.Sink object at 0x0000020BCFF15690>.AddRef() -> 2
2025-03-19 10:18:03,399 - DEBUG - <comtypes.client._events.CreateEventReceiver.<locals>.Sink object at 0x0000020BCFF15690>.Release() -> 1
2025-03-19 10:18:03,400 - DEBUG - <comtypes.client._events.CreateEventReceiver.<locals>.Sink object at 0x0000020BCFF15690>.AddRef() -> 2
2025-03-19 10:18:03,400 - DEBUG - unimplemented method _ISpeechVoiceEvents_Phoneme called
2025-03-19 10:18:03,400 - DEBUG - <comtypes.client._events.CreateEventReceiver.<locals>.Sink object at 0x0000020BCFF15690>.Release() -> 1
2025-03-19 10:18:03,400 - DEBUG - <comtypes.client._events.CreateEventReceiver.<locals>.Sink object at 0x0000020BCFF15690>.AddRef() -> 2
2025-03-19 10:18:03,401 - DEBUG - unimplemented method _ISpeechVoiceEvents_Viseme called
2025-03-19 10:18:03,401 - DEBUG - <comtypes.client._events.CreateEventReceiver.<locals>.Sink object at 0x0000020BCFF15690>.Release() -> 1
2025-03-19 10:18:03,452 - DEBUG - <comtypes.client._events.CreateEventReceiver.<locals>.Sink object at 0x0000020BCFF15690>.AddRef() -> 2
2025-03-19 10:18:03,453 - DEBUG - unimplemented method _ISpeechVoiceEvents_Phoneme called
2025-03-19 10:18:03,453 - DEBUG - <comtypes.client._events.CreateEventReceiver.<locals>.Sink object at 0x0000020BCFF15690>.Release() -> 1
2025-03-19 10:18:03,453 - DEBUG - <comtypes.client._events.CreateEventReceiver.<locals>.Sink object at 0x0000020BCFF15690>.AddRef() -> 2
2025-03-19 10:18:03,453 - DEBUG - unimplemented method _ISpeechVoiceEvents_Viseme called
2025-03-19 10:18:03,454 - DEBUG - <comtypes.client._events.CreateEventReceiver.<locals>.Sink object at 0x0000020BCFF15690>.Release() -> 1
2025-03-19 10:18:03,504 - DEBUG - <comtypes.client._events.CreateEventReceiver.<locals>.Sink object at 0x0000020BCFF15690>.AddRef() -> 2
2025-03-19 10:18:03,505 - DEBUG - unimplemented method _ISpeechVoiceEvents_Viseme called
2025-03-19 10:18:03,505 - DEBUG - <comtypes.client._events.CreateEventReceiver.<locals>.Sink object at 0x0000020BCFF15690>.Release() -> 1
2025-03-19 10:18:03,556 - DEBUG - <comtypes.client._events.CreateEventReceiver.<locals>.Sink object at 0x0000020BCFF15690>.AddRef() -> 2
2025-03-19 10:18:03,556 - DEBUG - <comtypes.client._events.CreateEventReceiver.<locals>.Sink object at 0x0000020BCFF15690>.Release() -> 1
2025-03-19 10:18:03,556 - DEBUG - <comtypes.client._events.CreateEventReceiver.<locals>.Sink object at 0x0000020BCFF15690>.AddRef() -> 2
2025-03-19 10:18:03,556 - DEBUG - unimplemented method _ISpeechVoiceEvents_Phoneme called
2025-03-19 10:18:03,556 - DEBUG - <comtypes.client._events.CreateEventReceiver.<locals>.Sink object at 0x0000020BCFF15690>.Release() -> 1
2025-03-19 10:18:03,556 - DEBUG - <comtypes.client._events.CreateEventReceiver.<locals>.Sink object at 0x0000020BCFF15690>.AddRef() -> 2
2025-03-19 10:18:03,557 - DEBUG - unimplemented method _ISpeechVoiceEvents_Viseme called
2025-03-19 10:18:03,557 - DEBUG - <comtypes.client._events.CreateEventReceiver.<locals>.Sink object at 0x0000020BCFF15690>.Release() -> 1
2025-03-19 10:18:03,659 - DEBUG - <comtypes.client._events.CreateEventReceiver.<locals>.Sink object at 0x0000020BCFF15690>.AddRef() -> 2
2025-03-19 10:18:03,659 - DEBUG - unimplemented method _ISpeechVoiceEvents_Phoneme called
2025-03-19 10:18:03,660 - DEBUG - <comtypes.client._events.CreateEventReceiver.<locals>.Sink object at 0x0000020BCFF15690>.Release() -> 1
2025-03-19 10:18:03,660 - DEBUG - <comtypes.client._events.CreateEventReceiver.<locals>.Sink object at 0x0000020BCFF15690>.AddRef() -> 2
2025-03-19 10:18:03,660 - DEBUG - unimplemented method _ISpeechVoiceEvents_Viseme called
2025-03-19 10:18:03,660 - DEBUG - <comtypes.client._events.CreateEventReceiver.<locals>.Sink object at 0x0000020BCFF15690>.Release() -> 1
2025-03-19 10:18:03,711 - DEBUG - <comtypes.client._events.CreateEventReceiver.<locals>.Sink object at 0x0000020BCFF15690>.AddRef() -> 2
2025-03-19 10:18:03,711 - DEBUG - unimplemented method _ISpeechVoiceEvents_Phoneme called
2025-03-19 10:18:03,711 - DEBUG - <comtypes.client._events.CreateEventReceiver.<locals>.Sink object at 0x0000020BCFF15690>.Release() -> 1
2025-03-19 10:18:03,711 - DEBUG - <comtypes.client._events.CreateEventReceiver.<locals>.Sink object at 0x0000020BCFF15690>.AddRef() -> 2
2025-03-19 10:18:03,712 - DEBUG - unimplemented method _ISpeechVoiceEvents_Viseme called
2025-03-19 10:18:03,713 - DEBUG - <comtypes.client._events.CreateEventReceiver.<locals>.Sink object at 0x0000020BCFF15690>.Release() -> 1
2025-03-19 10:18:03,763 - DEBUG - <comtypes.client._events.CreateEventReceiver.<locals>.Sink object at 0x0000020BCFF15690>.AddRef() -> 2
2025-03-19 10:18:03,763 - DEBUG - <comtypes.client._events.CreateEventReceiver.<locals>.Sink object at 0x0000020BCFF15690>.Release() -> 1
2025-03-19 10:18:03,763 - DEBUG - <comtypes.client._events.CreateEventReceiver.<locals>.Sink object at 0x0000020BCFF15690>.AddRef() -> 2
2025-03-19 10:18:03,763 - DEBUG - unimplemented method _ISpeechVoiceEvents_Phoneme called
2025-03-19 10:18:03,764 - DEBUG - <comtypes.client._events.CreateEventReceiver.<locals>.Sink object at 0x0000020BCFF15690>.Release() -> 1
2025-03-19 10:18:03,764 - DEBUG - <comtypes.client._events.CreateEventReceiver.<locals>.Sink object at 0x0000020BCFF15690>.AddRef() -> 2
2025-03-19 10:18:03,764 - DEBUG - unimplemented method _ISpeechVoiceEvents_Viseme called
2025-03-19 10:18:03,764 - DEBUG - <comtypes.client._events.CreateEventReceiver.<locals>.Sink object at 0x0000020BCFF15690>.Release() -> 1
2025-03-19 10:18:03,815 - DEBUG - <comtypes.client._events.CreateEventReceiver.<locals>.Sink object at 0x0000020BCFF15690>.AddRef() -> 2
2025-03-19 10:18:03,815 - DEBUG - unimplemented method _ISpeechVoiceEvents_Viseme called
2025-03-19 10:18:03,815 - DEBUG - <comtypes.client._events.CreateEventReceiver.<locals>.Sink object at 0x0000020BCFF15690>.Release() -> 1
2025-03-19 10:18:03,866 - DEBUG - <comtypes.client._events.CreateEventReceiver.<locals>.Sink object at 0x0000020BCFF15690>.AddRef() -> 2
2025-03-19 10:18:03,866 - DEBUG - <comtypes.client._events.CreateEventReceiver.<locals>.Sink object at 0x0000020BCFF15690>.Release() -> 1
2025-03-19 10:18:03,866 - DEBUG - <comtypes.client._events.CreateEventReceiver.<locals>.Sink object at 0x0000020BCFF15690>.AddRef() -> 2
2025-03-19 10:18:03,867 - DEBUG - unimplemented method _ISpeechVoiceEvents_Phoneme called
2025-03-19 10:18:03,867 - DEBUG - <comtypes.client._events.CreateEventReceiver.<locals>.Sink object at 0x0000020BCFF15690>.Release() -> 1
2025-03-19 10:18:03,867 - DEBUG - <comtypes.client._events.CreateEventReceiver.<locals>.Sink object at 0x0000020BCFF15690>.AddRef() -> 2
2025-03-19 10:18:03,867 - DEBUG - unimplemented method _ISpeechVoiceEvents_Viseme called
2025-03-19 10:18:03,867 - DEBUG - <comtypes.client._events.CreateEventReceiver.<locals>.Sink object at 0x0000020BCFF15690>.Release() -> 1
2025-03-19 10:18:03,969 - DEBUG - <comtypes.client._events.CreateEventReceiver.<locals>.Sink object at 0x0000020BCFF15690>.AddRef() -> 2
2025-03-19 10:18:03,969 - DEBUG - unimplemented method _ISpeechVoiceEvents_Phoneme called
2025-03-19 10:18:03,969 - DEBUG - <comtypes.client._events.CreateEventReceiver.<locals>.Sink object at 0x0000020BCFF15690>.Release() -> 1
2025-03-19 10:18:03,970 - DEBUG - <comtypes.client._events.CreateEventReceiver.<locals>.Sink object at 0x0000020BCFF15690>.AddRef() -> 2
2025-03-19 10:18:03,970 - DEBUG - unimplemented method _ISpeechVoiceEvents_Viseme called
2025-03-19 10:18:03,970 - DEBUG - <comtypes.client._events.CreateEventReceiver.<locals>.Sink object at 0x0000020BCFF15690>.Release() -> 1
2025-03-19 10:18:04,021 - DEBUG - <comtypes.client._events.CreateEventReceiver.<locals>.Sink object at 0x0000020BCFF15690>.AddRef() -> 2
2025-03-19 10:18:04,021 - DEBUG - unimplemented method _ISpeechVoiceEvents_Phoneme called
2025-03-19 10:18:04,021 - DEBUG - <comtypes.client._events.CreateEventReceiver.<locals>.Sink object at 0x0000020BCFF15690>.Release() -> 1
2025-03-19 10:18:04,021 - DEBUG - <comtypes.client._events.CreateEventReceiver.<locals>.Sink object at 0x0000020BCFF15690>.AddRef() -> 2
2025-03-19 10:18:04,023 - DEBUG - unimplemented method _ISpeechVoiceEvents_Viseme called
2025-03-19 10:18:04,023 - DEBUG - <comtypes.client._events.CreateEventReceiver.<locals>.Sink object at 0x0000020BCFF15690>.Release() -> 1
2025-03-19 10:18:04,074 - DEBUG - <comtypes.client._events.CreateEventReceiver.<locals>.Sink object at 0x0000020BCFF15690>.AddRef() -> 2
2025-03-19 10:18:04,074 - DEBUG - unimplemented method _ISpeechVoiceEvents_Phoneme called
2025-03-19 10:18:04,074 - DEBUG - <comtypes.client._events.CreateEventReceiver.<locals>.Sink object at 0x0000020BCFF15690>.Release() -> 1
2025-03-19 10:18:04,074 - DEBUG - <comtypes.client._events.CreateEventReceiver.<locals>.Sink object at 0x0000020BCFF15690>.AddRef() -> 2
2025-03-19 10:18:04,074 - DEBUG - unimplemented method _ISpeechVoiceEvents_Viseme called
2025-03-19 10:18:04,074 - DEBUG - <comtypes.client._events.CreateEventReceiver.<locals>.Sink object at 0x0000020BCFF15690>.Release() -> 1
2025-03-19 10:18:04,175 - DEBUG - <comtypes.client._events.CreateEventReceiver.<locals>.Sink object at 0x0000020BCFF15690>.AddRef() -> 2
2025-03-19 10:18:04,175 - DEBUG - <comtypes.client._events.CreateEventReceiver.<locals>.Sink object at 0x0000020BCFF15690>.Release() -> 1
2025-03-19 10:18:04,175 - DEBUG - <comtypes.client._events.CreateEventReceiver.<locals>.Sink object at 0x0000020BCFF15690>.AddRef() -> 2
2025-03-19 10:18:04,176 - DEBUG - unimplemented method _ISpeechVoiceEvents_Phoneme called
2025-03-19 10:18:04,176 - DEBUG - <comtypes.client._events.CreateEventReceiver.<locals>.Sink object at 0x0000020BCFF15690>.Release() -> 1
2025-03-19 10:18:04,176 - DEBUG - <comtypes.client._events.CreateEventReceiver.<locals>.Sink object at 0x0000020BCFF15690>.AddRef() -> 2
2025-03-19 10:18:04,176 - DEBUG - unimplemented method _ISpeechVoiceEvents_Viseme called
2025-03-19 10:18:04,176 - DEBUG - <comtypes.client._events.CreateEventReceiver.<locals>.Sink object at 0x0000020BCFF15690>.Release() -> 1
2025-03-19 10:18:04,228 - DEBUG - <comtypes.client._events.CreateEventReceiver.<locals>.Sink object at 0x0000020BCFF15690>.AddRef() -> 2
2025-03-19 10:18:04,228 - DEBUG - unimplemented method _ISpeechVoiceEvents_Phoneme called
2025-03-19 10:18:04,228 - DEBUG - <comtypes.client._events.CreateEventReceiver.<locals>.Sink object at 0x0000020BCFF15690>.Release() -> 1
2025-03-19 10:18:04,228 - DEBUG - <comtypes.client._events.CreateEventReceiver.<locals>.Sink object at 0x0000020BCFF15690>.AddRef() -> 2
2025-03-19 10:18:04,229 - DEBUG - unimplemented method _ISpeechVoiceEvents_Viseme called
2025-03-19 10:18:04,229 - DEBUG - <comtypes.client._events.CreateEventReceiver.<locals>.Sink object at 0x0000020BCFF15690>.Release() -> 1
2025-03-19 10:18:04,331 - DEBUG - <comtypes.client._events.CreateEventReceiver.<locals>.Sink object at 0x0000020BCFF15690>.AddRef() -> 2
2025-03-19 10:18:04,331 - DEBUG - <comtypes.client._events.CreateEventReceiver.<locals>.Sink object at 0x0000020BCFF15690>.Release() -> 1
2025-03-19 10:18:04,331 - DEBUG - <comtypes.client._events.CreateEventReceiver.<locals>.Sink object at 0x0000020BCFF15690>.AddRef() -> 2
2025-03-19 10:18:04,331 - DEBUG - unimplemented method _ISpeechVoiceEvents_Phoneme called
2025-03-19 10:18:04,331 - DEBUG - <comtypes.client._events.CreateEventReceiver.<locals>.Sink object at 0x0000020BCFF15690>.Release() -> 1
2025-03-19 10:18:04,331 - DEBUG - <comtypes.client._events.CreateEventReceiver.<locals>.Sink object at 0x0000020BCFF15690>.AddRef() -> 2
2025-03-19 10:18:04,331 - DEBUG - unimplemented method _ISpeechVoiceEvents_Viseme called
2025-03-19 10:18:04,331 - DEBUG - <comtypes.client._events.CreateEventReceiver.<locals>.Sink object at 0x0000020BCFF15690>.Release() -> 1
2025-03-19 10:18:04,383 - DEBUG - <comtypes.client._events.CreateEventReceiver.<locals>.Sink object at 0x0000020BCFF15690>.AddRef() -> 2
2025-03-19 10:18:04,383 - DEBUG - unimplemented method _ISpeechVoiceEvents_Phoneme called
2025-03-19 10:18:04,383 - DEBUG - <comtypes.client._events.CreateEventReceiver.<locals>.Sink object at 0x0000020BCFF15690>.Release() -> 1
2025-03-19 10:18:04,383 - DEBUG - <comtypes.client._events.CreateEventReceiver.<locals>.Sink object at 0x0000020BCFF15690>.AddRef() -> 2
2025-03-19 10:18:04,384 - DEBUG - unimplemented method _ISpeechVoiceEvents_Viseme called
2025-03-19 10:18:04,384 - DEBUG - <comtypes.client._events.CreateEventReceiver.<locals>.Sink object at 0x0000020BCFF15690>.Release() -> 1
2025-03-19 10:18:04,486 - DEBUG - <comtypes.client._events.CreateEventReceiver.<locals>.Sink object at 0x0000020BCFF15690>.AddRef() -> 2
2025-03-19 10:18:04,486 - DEBUG - unimplemented method _ISpeechVoiceEvents_Phoneme called
2025-03-19 10:18:04,486 - DEBUG - <comtypes.client._events.CreateEventReceiver.<locals>.Sink object at 0x0000020BCFF15690>.Release() -> 1
2025-03-19 10:18:04,486 - DEBUG - <comtypes.client._events.CreateEventReceiver.<locals>.Sink object at 0x0000020BCFF15690>.AddRef() -> 2
2025-03-19 10:18:04,486 - DEBUG - unimplemented method _ISpeechVoiceEvents_Viseme called
2025-03-19 10:18:04,486 - DEBUG - <comtypes.client._events.CreateEventReceiver.<locals>.Sink object at 0x0000020BCFF15690>.Release() -> 1
2025-03-19 10:18:04,538 - DEBUG - <comtypes.client._events.CreateEventReceiver.<locals>.Sink object at 0x0000020BCFF15690>.AddRef() -> 2
2025-03-19 10:18:04,538 - DEBUG - unimplemented method _ISpeechVoiceEvents_Phoneme called
2025-03-19 10:18:04,538 - DEBUG - <comtypes.client._events.CreateEventReceiver.<locals>.Sink object at 0x0000020BCFF15690>.Release() -> 1
2025-03-19 10:18:04,539 - DEBUG - <comtypes.client._events.CreateEventReceiver.<locals>.Sink object at 0x0000020BCFF15690>.AddRef() -> 2
2025-03-19 10:18:04,539 - DEBUG - unimplemented method _ISpeechVoiceEvents_Viseme called
2025-03-19 10:18:04,539 - DEBUG - <comtypes.client._events.CreateEventReceiver.<locals>.Sink object at 0x0000020BCFF15690>.Release() -> 1
2025-03-19 10:18:04,641 - DEBUG - <comtypes.client._events.CreateEventReceiver.<locals>.Sink object at 0x0000020BCFF15690>.AddRef() -> 2
2025-03-19 10:18:04,641 - DEBUG - unimplemented method _ISpeechVoiceEvents_Viseme called
2025-03-19 10:18:04,641 - DEBUG - <comtypes.client._events.CreateEventReceiver.<locals>.Sink object at 0x0000020BCFF15690>.Release() -> 1
2025-03-19 10:18:04,742 - DEBUG - <comtypes.client._events.CreateEventReceiver.<locals>.Sink object at 0x0000020BCFF15690>.AddRef() -> 2
2025-03-19 10:18:04,742 - DEBUG - unimplemented method _ISpeechVoiceEvents_Phoneme called
2025-03-19 10:18:04,742 - DEBUG - <comtypes.client._events.CreateEventReceiver.<locals>.Sink object at 0x0000020BCFF15690>.Release() -> 1
2025-03-19 10:18:04,742 - DEBUG - <comtypes.client._events.CreateEventReceiver.<locals>.Sink object at 0x0000020BCFF15690>.AddRef() -> 2
2025-03-19 10:18:04,742 - DEBUG - unimplemented method _ISpeechVoiceEvents_Viseme called
2025-03-19 10:18:04,743 - DEBUG - <comtypes.client._events.CreateEventReceiver.<locals>.Sink object at 0x0000020BCFF15690>.Release() -> 1
2025-03-19 10:18:05,449 - DEBUG - <comtypes.client._events.CreateEventReceiver.<locals>.Sink object at 0x0000020BCFF15690>.AddRef() -> 2
2025-03-19 10:18:05,449 - DEBUG - <comtypes.client._events.CreateEventReceiver.<locals>.Sink object at 0x0000020BCFF15690>.Release() -> 1
2025-03-19 10:18:06,514 - DEBUG - Release <POINTER(ISpeechVoice) ptr=0x20ba51d77b0 at 20bd032e6d0>
2025-03-19 10:18:06,514 - DEBUG - <comtypes.client._events.CreateEventReceiver.<locals>.Sink object at 0x0000020BCFF15690>.Release() -> 0
2025-03-19 10:18:06,514 - DEBUG - 0 active COM objects: Removed <comtypes.client._events.CreateEventReceiver.<locals>.Sink object at 0x0000020BCFF15690>
2025-03-19 10:18:06,515 - DEBUG - Remaining: []
2025-03-19 10:18:06,517 - DEBUG - Release <POINTER(IConnectionPoint) ptr=0x20ba51d77b8 at 20bd00ac050>
2025-03-19 10:19:45,496 - DEBUG - Successfully loaded extension "markdown.extensions.fenced_code.FencedCodeExtension".
2025-03-19 10:19:45,496 - DEBUG - Successfully loaded extension "markdown.extensions.tables.TableExtension".
2025-03-19 10:19:45,511 - DEBUG - Starting new HTTP connection (1): 127.0.0.1:8000
2025-03-19 10:19:47,240 - DEBUG - http://127.0.0.1:8000 "POST /chat HTTP/1.1" 200 127
2025-03-19 10:19:47,241 - DEBUG - Successfully loaded extension "markdown.extensions.fenced_code.FencedCodeExtension".
2025-03-19 10:19:47,241 - DEBUG - Successfully loaded extension "markdown.extensions.tables.TableExtension".
2025-03-19 10:19:47,260 - DEBUG - SAPI.SPVoice -> {96749377-3391-11D2-9EE3-00C04F797396}
2025-03-19 10:19:47,260 - DEBUG - CoCreateInstance({96749377-3391-11D2-9EE3-00C04F797396}, clsctx=None, interface=None)
2025-03-19 10:19:47,262 - DEBUG - GetBestInterface(<POINTER(IUnknown) ptr=0x20ba51d7770 at 20c1c550350>)
2025-03-19 10:19:47,262 - DEBUG - Does implement IProvideClassInfo
2025-03-19 10:19:47,262 - DEBUG - Default interface is {269316D8-57BD-11D2-9EEE-00C04F797396}
2025-03-19 10:19:47,263 - DEBUG - Release <POINTER(IUnknown) ptr=0x20ba51d77b0 at 20c1c5522d0>
2025-03-19 10:19:47,263 - DEBUG - GetModule(TLIBATTR(GUID={C866CA3A-32F7-11D2-9602-00C04F8EE628}, Version=5.4, LCID=0, FLags=0x8))
2025-03-19 10:19:47,263 - DEBUG - Implements default interface from typeinfo <class 'comtypes.gen._C866CA3A_32F7_11D2_9602_00C04F8EE628_0_5_4.ISpeechVoice'>
2025-03-19 10:19:47,263 - DEBUG - Final result is <POINTER(ISpeechVoice) ptr=0x20ba51d77b0 at 20c1c551650>
2025-03-19 10:19:47,263 - DEBUG - Release <POINTER(IProvideClassInfo) ptr=0x20ba51d77d0 at 20c1c550b50>
2025-03-19 10:19:47,264 - DEBUG - Release <POINTER(ITypeInfo) ptr=0x20bc5c09168 at 20c1c551d50>
2025-03-19 10:19:47,264 - DEBUG - Release <POINTER(ITypeInfo) ptr=0x20bc5c091c0 at 20c1c553f50>
2025-03-19 10:19:47,264 - DEBUG - Release <POINTER(ITypeLib) ptr=0x20bc0076e70 at 20c1c5522d0>
2025-03-19 10:19:47,264 - DEBUG - Release <POINTER(IUnknown) ptr=0x20ba51d7770 at 20c1c550350>
2025-03-19 10:19:47,264 - DEBUG - <POINTER(ISpeechVoice) ptr=0x20ba51d77b0 at 20c1c551650> using sinkinterface from clsid <class 'comtypes.gen._C866CA3A_32F7_11D2_9602_00C04F8EE628_0_5_4._ISpeechVoiceEvents'>
2025-03-19 10:19:47,265 - DEBUG - Release <POINTER(IProvideClassInfo2) ptr=0x20ba51d77d0 at 20c1c550350>
2025-03-19 10:19:47,265 - DEBUG - <comtypes.client._events.CreateEventReceiver.<locals>.Sink object at 0x0000020BD92E3610>: _ISpeechVoiceEvents.VoiceChange not implemented
2025-03-19 10:19:47,265 - DEBUG - <comtypes.client._events.CreateEventReceiver.<locals>.Sink object at 0x0000020BD92E3610>: _ISpeechVoiceEvents.Bookmark not implemented
2025-03-19 10:19:47,265 - DEBUG - <comtypes.client._events.CreateEventReceiver.<locals>.Sink object at 0x0000020BD92E3610>: _ISpeechVoiceEvents.Sentence not implemented
2025-03-19 10:19:47,265 - DEBUG - <comtypes.client._events.CreateEventReceiver.<locals>.Sink object at 0x0000020BD92E3610>: _ISpeechVoiceEvents.Phoneme not implemented
2025-03-19 10:19:47,265 - DEBUG - <comtypes.client._events.CreateEventReceiver.<locals>.Sink object at 0x0000020BD92E3610>: _ISpeechVoiceEvents.Viseme not implemented
2025-03-19 10:19:47,266 - DEBUG - <comtypes.client._events.CreateEventReceiver.<locals>.Sink object at 0x0000020BD92E3610>: _ISpeechVoiceEvents.AudioLevel not implemented
2025-03-19 10:19:47,266 - DEBUG - <comtypes.client._events.CreateEventReceiver.<locals>.Sink object at 0x0000020BD92E3610>: _ISpeechVoiceEvents.EnginePrivate not implemented
2025-03-19 10:19:47,266 - DEBUG - Start advise <class 'comtypes.gen._C866CA3A_32F7_11D2_9602_00C04F8EE628_0_5_4._ISpeechVoiceEvents'>
2025-03-19 10:19:47,267 - DEBUG - <comtypes.client._events.CreateEventReceiver.<locals>.Sink object at 0x0000020BD92E3610>.QueryInterface({A372ACD1-3BEF-4BBD-8FFB-CB3E2B416AF8}) -> S_OK
2025-03-19 10:19:47,267 - DEBUG - 1 active COM objects: Added   <comtypes.client._events.CreateEventReceiver.<locals>.Sink object at 0x0000020BD92E3610>
2025-03-19 10:19:47,267 - DEBUG - <comtypes.client._events.CreateEventReceiver.<locals>.Sink object at 0x0000020BD92E3610>.AddRef() -> 1
2025-03-19 10:19:47,269 - DEBUG - Release <POINTER(IConnectionPointContainer) ptr=0x20ba51d77d8 at 20c1c552cd0>
2025-03-19 10:19:47,320 - DEBUG - wrap_outparam(<POINTER(ISpeechObjectToken) ptr=0x20bd6d85750 at 20c1c552cd0>)
2025-03-19 10:19:47,321 - DEBUG - Release <POINTER(ISpeechObjectToken) ptr=0x20bd6d85750 at 20c1c552cd0>
2025-03-19 10:19:47,322 - DEBUG - wrap_outparam(<POINTER(ISpeechObjectTokens) ptr=0x20ba51fedb0 at 20c1c552cd0>)
2025-03-19 10:19:47,322 - DEBUG - Release <POINTER(IUnknown) ptr=0x20bd6dc81d0 at 20c1c552a50>
2025-03-19 10:19:47,322 - DEBUG - wrap_outparam(<POINTER(IDispatch) ptr=0x20bd6dca990 at 20c1c550cd0>)
2025-03-19 10:19:47,322 - DEBUG - GetBestInterface(<POINTER(IDispatch) ptr=0x20bd6dca990 at 20c1c550cd0>)
2025-03-19 10:19:47,323 - DEBUG - Does NOT implement IProvideClassInfo, trying IProvideClassInfo2
2025-03-19 10:19:47,323 - DEBUG - Does NOT implement IProvideClassInfo/IProvideClassInfo2
2025-03-19 10:19:47,323 - DEBUG - Release <POINTER(IUnknown) ptr=0x20bc5c09270 at 20c1c552050>
2025-03-19 10:19:47,324 - DEBUG - Default interface is {C74A3ADC-B727-4500-A84A-B526721C8B8C}
2025-03-19 10:19:47,324 - DEBUG - Release <POINTER(IUnknown) ptr=0x20bd6dca990 at 20c1c551ad0>
2025-03-19 10:19:47,324 - DEBUG - GetModule(TLIBATTR(GUID={C866CA3A-32F7-11D2-9602-00C04F8EE628}, Version=5.4, LCID=0, FLags=0x8))
2025-03-19 10:19:47,324 - DEBUG - Implements default interface from typeinfo <class 'comtypes.gen._C866CA3A_32F7_11D2_9602_00C04F8EE628_0_5_4.ISpeechObjectToken'>
2025-03-19 10:19:47,324 - DEBUG - Final result is <POINTER(ISpeechObjectToken) ptr=0x20bd6dca990 at 20c1c552050>
2025-03-19 10:19:47,324 - DEBUG - Release <POINTER(IDispatch) ptr=0x20bd6dca990 at 20c1c5526d0>
2025-03-19 10:19:47,325 - DEBUG - Release <POINTER(ITypeInfo) ptr=0x20bc5c09270 at 20c1c5532d0>
2025-03-19 10:19:47,325 - DEBUG - Release <POINTER(ITypeLib) ptr=0x20bc0076e70 at 20c1c551ad0>
2025-03-19 10:19:47,325 - DEBUG - Release <POINTER(IDispatch) ptr=0x20bd6dca990 at 20c1c550cd0>
2025-03-19 10:19:47,325 - DEBUG - Release <POINTER(IEnumVARIANT) ptr=0x20bd6dc81d0 at 20c1c552950>
2025-03-19 10:19:47,325 - DEBUG - Release <POINTER(ISpeechObjectTokens) ptr=0x20ba51fedb0 at 20c1c552cd0>
2025-03-19 10:19:47,325 - DEBUG - Release <POINTER(ISpeechObjectToken) ptr=0x20bd6dca990 at 20c1c552050>
2025-03-19 10:19:47,327 - DEBUG - wrap_outparam(<POINTER(ISpeechObjectToken) ptr=0x20bd6d85750 at 20c1c552a50>)
2025-03-19 10:19:47,328 - DEBUG - Release <POINTER(ISpeechObjectToken) ptr=0x20bd6d85750 at 20c1c552a50>
2025-03-19 10:19:47,692 - DEBUG - <comtypes.client._events.CreateEventReceiver.<locals>.Sink object at 0x0000020BD92E3610>.AddRef() -> 2
2025-03-19 10:19:47,692 - DEBUG - <comtypes.client._events.CreateEventReceiver.<locals>.Sink object at 0x0000020BD92E3610>.Release() -> 1
2025-03-19 10:19:47,693 - DEBUG - <comtypes.client._events.CreateEventReceiver.<locals>.Sink object at 0x0000020BD92E3610>.AddRef() -> 2
2025-03-19 10:19:47,693 - DEBUG - wrap_outparam(<POINTER(IDispatch) ptr=0x20bd6d85630 at 20c1c5536d0>)
2025-03-19 10:19:47,693 - DEBUG - GetBestInterface(<POINTER(IDispatch) ptr=0x20bd6d85630 at 20c1c5536d0>)
2025-03-19 10:19:47,693 - DEBUG - Does NOT implement IProvideClassInfo, trying IProvideClassInfo2
2025-03-19 10:19:47,693 - DEBUG - Does NOT implement IProvideClassInfo/IProvideClassInfo2
2025-03-19 10:19:47,694 - DEBUG - Release <POINTER(IUnknown) ptr=0x20bc5c09270 at 20c1c5538d0>
2025-03-19 10:19:47,694 - DEBUG - Default interface is {C74A3ADC-B727-4500-A84A-B526721C8B8C}
2025-03-19 10:19:47,694 - DEBUG - Release <POINTER(IUnknown) ptr=0x20bd6d85630 at 20c1c5539d0>
2025-03-19 10:19:47,695 - DEBUG - GetModule(TLIBATTR(GUID={C866CA3A-32F7-11D2-9602-00C04F8EE628}, Version=5.4, LCID=0, FLags=0x8))
2025-03-19 10:19:47,695 - DEBUG - Implements default interface from typeinfo <class 'comtypes.gen._C866CA3A_32F7_11D2_9602_00C04F8EE628_0_5_4.ISpeechObjectToken'>
2025-03-19 10:19:47,695 - DEBUG - Final result is <POINTER(ISpeechObjectToken) ptr=0x20bd6d85630 at 20c1c5538d0>
2025-03-19 10:19:47,695 - DEBUG - Release <POINTER(IDispatch) ptr=0x20bd6d85630 at 20c1c553850>
2025-03-19 10:19:47,695 - DEBUG - Release <POINTER(ITypeInfo) ptr=0x20bc5c09270 at 20c1c553950>
2025-03-19 10:19:47,696 - DEBUG - Release <POINTER(ITypeLib) ptr=0x20bc0076e70 at 20c1c5539d0>
2025-03-19 10:19:47,696 - DEBUG - Release <POINTER(IDispatch) ptr=0x20bd6d85630 at 20c1c5536d0>
2025-03-19 10:19:47,696 - DEBUG - unimplemented method _ISpeechVoiceEvents_VoiceChange called
2025-03-19 10:19:47,696 - DEBUG - Release <POINTER(ISpeechObjectToken) ptr=0x20bd6d85630 at 20c1c5538d0>
2025-03-19 10:19:47,696 - DEBUG - <comtypes.client._events.CreateEventReceiver.<locals>.Sink object at 0x0000020BD92E3610>.Release() -> 1
2025-03-19 10:19:47,697 - DEBUG - <comtypes.client._events.CreateEventReceiver.<locals>.Sink object at 0x0000020BD92E3610>.AddRef() -> 2
2025-03-19 10:19:47,697 - DEBUG - unimplemented method _ISpeechVoiceEvents_Sentence called
2025-03-19 10:19:47,697 - DEBUG - <comtypes.client._events.CreateEventReceiver.<locals>.Sink object at 0x0000020BD92E3610>.Release() -> 1
2025-03-19 10:19:47,698 - DEBUG - <comtypes.client._events.CreateEventReceiver.<locals>.Sink object at 0x0000020BD92E3610>.AddRef() -> 2
2025-03-19 10:19:47,698 - DEBUG - unimplemented method _ISpeechVoiceEvents_Phoneme called
2025-03-19 10:19:47,698 - DEBUG - <comtypes.client._events.CreateEventReceiver.<locals>.Sink object at 0x0000020BD92E3610>.Release() -> 1
2025-03-19 10:19:47,698 - DEBUG - <comtypes.client._events.CreateEventReceiver.<locals>.Sink object at 0x0000020BD92E3610>.AddRef() -> 2
2025-03-19 10:19:47,698 - DEBUG - unimplemented method _ISpeechVoiceEvents_Viseme called
2025-03-19 10:19:47,698 - DEBUG - <comtypes.client._events.CreateEventReceiver.<locals>.Sink object at 0x0000020BD92E3610>.Release() -> 1
2025-03-19 10:19:47,800 - DEBUG - <comtypes.client._events.CreateEventReceiver.<locals>.Sink object at 0x0000020BD92E3610>.AddRef() -> 2
2025-03-19 10:19:47,800 - DEBUG - <comtypes.client._events.CreateEventReceiver.<locals>.Sink object at 0x0000020BD92E3610>.Release() -> 1
2025-03-19 10:19:47,800 - DEBUG - <comtypes.client._events.CreateEventReceiver.<locals>.Sink object at 0x0000020BD92E3610>.AddRef() -> 2
2025-03-19 10:19:47,800 - DEBUG - unimplemented method _ISpeechVoiceEvents_Phoneme called
2025-03-19 10:19:47,801 - DEBUG - <comtypes.client._events.CreateEventReceiver.<locals>.Sink object at 0x0000020BD92E3610>.Release() -> 1
2025-03-19 10:19:47,801 - DEBUG - <comtypes.client._events.CreateEventReceiver.<locals>.Sink object at 0x0000020BD92E3610>.AddRef() -> 2
2025-03-19 10:19:47,801 - DEBUG - unimplemented method _ISpeechVoiceEvents_Viseme called
2025-03-19 10:19:47,801 - DEBUG - <comtypes.client._events.CreateEventReceiver.<locals>.Sink object at 0x0000020BD92E3610>.Release() -> 1
2025-03-19 10:19:47,902 - DEBUG - <comtypes.client._events.CreateEventReceiver.<locals>.Sink object at 0x0000020BD92E3610>.AddRef() -> 2
2025-03-19 10:19:47,902 - DEBUG - unimplemented method _ISpeechVoiceEvents_Viseme called
2025-03-19 10:19:47,902 - DEBUG - <comtypes.client._events.CreateEventReceiver.<locals>.Sink object at 0x0000020BD92E3610>.Release() -> 1
2025-03-19 10:19:48,003 - DEBUG - <comtypes.client._events.CreateEventReceiver.<locals>.Sink object at 0x0000020BD92E3610>.AddRef() -> 2
2025-03-19 10:19:48,003 - DEBUG - <comtypes.client._events.CreateEventReceiver.<locals>.Sink object at 0x0000020BD92E3610>.Release() -> 1
2025-03-19 10:19:48,003 - DEBUG - <comtypes.client._events.CreateEventReceiver.<locals>.Sink object at 0x0000020BD92E3610>.AddRef() -> 2
2025-03-19 10:19:48,003 - DEBUG - unimplemented method _ISpeechVoiceEvents_Phoneme called
2025-03-19 10:19:48,004 - DEBUG - <comtypes.client._events.CreateEventReceiver.<locals>.Sink object at 0x0000020BD92E3610>.Release() -> 1
2025-03-19 10:19:48,004 - DEBUG - <comtypes.client._events.CreateEventReceiver.<locals>.Sink object at 0x0000020BD92E3610>.AddRef() -> 2
2025-03-19 10:19:48,004 - DEBUG - unimplemented method _ISpeechVoiceEvents_Viseme called
2025-03-19 10:19:48,004 - DEBUG - <comtypes.client._events.CreateEventReceiver.<locals>.Sink object at 0x0000020BD92E3610>.Release() -> 1
2025-03-19 10:19:48,106 - DEBUG - <comtypes.client._events.CreateEventReceiver.<locals>.Sink object at 0x0000020BD92E3610>.AddRef() -> 2
2025-03-19 10:19:48,106 - DEBUG - unimplemented method _ISpeechVoiceEvents_Phoneme called
2025-03-19 10:19:48,106 - DEBUG - <comtypes.client._events.CreateEventReceiver.<locals>.Sink object at 0x0000020BD92E3610>.Release() -> 1
2025-03-19 10:19:48,106 - DEBUG - <comtypes.client._events.CreateEventReceiver.<locals>.Sink object at 0x0000020BD92E3610>.AddRef() -> 2
2025-03-19 10:19:48,107 - DEBUG - unimplemented method _ISpeechVoiceEvents_Viseme called
2025-03-19 10:19:48,107 - DEBUG - <comtypes.client._events.CreateEventReceiver.<locals>.Sink object at 0x0000020BD92E3610>.Release() -> 1
2025-03-19 10:19:48,158 - DEBUG - <comtypes.client._events.CreateEventReceiver.<locals>.Sink object at 0x0000020BD92E3610>.AddRef() -> 2
2025-03-19 10:19:48,158 - DEBUG - unimplemented method _ISpeechVoiceEvents_Phoneme called
2025-03-19 10:19:48,158 - DEBUG - <comtypes.client._events.CreateEventReceiver.<locals>.Sink object at 0x0000020BD92E3610>.Release() -> 1
2025-03-19 10:19:48,158 - DEBUG - <comtypes.client._events.CreateEventReceiver.<locals>.Sink object at 0x0000020BD92E3610>.AddRef() -> 2
2025-03-19 10:19:48,159 - DEBUG - unimplemented method _ISpeechVoiceEvents_Viseme called
2025-03-19 10:19:48,159 - DEBUG - <comtypes.client._events.CreateEventReceiver.<locals>.Sink object at 0x0000020BD92E3610>.Release() -> 1
2025-03-19 10:19:48,159 - DEBUG - <comtypes.client._events.CreateEventReceiver.<locals>.Sink object at 0x0000020BD92E3610>.AddRef() -> 2
2025-03-19 10:19:48,159 - DEBUG - unimplemented method _ISpeechVoiceEvents_Phoneme called
2025-03-19 10:19:48,160 - DEBUG - <comtypes.client._events.CreateEventReceiver.<locals>.Sink object at 0x0000020BD92E3610>.Release() -> 1
2025-03-19 10:19:48,160 - DEBUG - <comtypes.client._events.CreateEventReceiver.<locals>.Sink object at 0x0000020BD92E3610>.AddRef() -> 2
2025-03-19 10:19:48,160 - DEBUG - unimplemented method _ISpeechVoiceEvents_Viseme called
2025-03-19 10:19:48,160 - DEBUG - <comtypes.client._events.CreateEventReceiver.<locals>.Sink object at 0x0000020BD92E3610>.Release() -> 1
2025-03-19 10:19:48,211 - DEBUG - <comtypes.client._events.CreateEventReceiver.<locals>.Sink object at 0x0000020BD92E3610>.AddRef() -> 2
2025-03-19 10:19:48,211 - DEBUG - unimplemented method _ISpeechVoiceEvents_Phoneme called
2025-03-19 10:19:48,211 - DEBUG - <comtypes.client._events.CreateEventReceiver.<locals>.Sink object at 0x0000020BD92E3610>.Release() -> 1
2025-03-19 10:19:48,211 - DEBUG - <comtypes.client._events.CreateEventReceiver.<locals>.Sink object at 0x0000020BD92E3610>.AddRef() -> 2
2025-03-19 10:19:48,211 - DEBUG - unimplemented method _ISpeechVoiceEvents_Viseme called
2025-03-19 10:19:48,212 - DEBUG - <comtypes.client._events.CreateEventReceiver.<locals>.Sink object at 0x0000020BD92E3610>.Release() -> 1
2025-03-19 10:19:48,263 - DEBUG - <comtypes.client._events.CreateEventReceiver.<locals>.Sink object at 0x0000020BD92E3610>.AddRef() -> 2
2025-03-19 10:19:48,263 - DEBUG - unimplemented method _ISpeechVoiceEvents_Phoneme called
2025-03-19 10:19:48,263 - DEBUG - <comtypes.client._events.CreateEventReceiver.<locals>.Sink object at 0x0000020BD92E3610>.Release() -> 1
2025-03-19 10:19:48,264 - DEBUG - <comtypes.client._events.CreateEventReceiver.<locals>.Sink object at 0x0000020BD92E3610>.AddRef() -> 2
2025-03-19 10:19:48,265 - DEBUG - unimplemented method _ISpeechVoiceEvents_Viseme called
2025-03-19 10:19:48,265 - DEBUG - <comtypes.client._events.CreateEventReceiver.<locals>.Sink object at 0x0000020BD92E3610>.Release() -> 1
2025-03-19 10:19:48,366 - DEBUG - <comtypes.client._events.CreateEventReceiver.<locals>.Sink object at 0x0000020BD92E3610>.AddRef() -> 2
2025-03-19 10:19:48,366 - DEBUG - unimplemented method _ISpeechVoiceEvents_Phoneme called
2025-03-19 10:19:48,366 - DEBUG - <comtypes.client._events.CreateEventReceiver.<locals>.Sink object at 0x0000020BD92E3610>.Release() -> 1
2025-03-19 10:19:48,366 - DEBUG - <comtypes.client._events.CreateEventReceiver.<locals>.Sink object at 0x0000020BD92E3610>.AddRef() -> 2
2025-03-19 10:19:48,367 - DEBUG - unimplemented method _ISpeechVoiceEvents_Viseme called
2025-03-19 10:19:48,367 - DEBUG - <comtypes.client._events.CreateEventReceiver.<locals>.Sink object at 0x0000020BD92E3610>.Release() -> 1
2025-03-19 10:19:48,418 - DEBUG - <comtypes.client._events.CreateEventReceiver.<locals>.Sink object at 0x0000020BD92E3610>.AddRef() -> 2
2025-03-19 10:19:48,418 - DEBUG - unimplemented method _ISpeechVoiceEvents_Phoneme called
2025-03-19 10:19:48,419 - DEBUG - <comtypes.client._events.CreateEventReceiver.<locals>.Sink object at 0x0000020BD92E3610>.Release() -> 1
2025-03-19 10:19:48,419 - DEBUG - <comtypes.client._events.CreateEventReceiver.<locals>.Sink object at 0x0000020BD92E3610>.AddRef() -> 2
2025-03-19 10:19:48,420 - DEBUG - unimplemented method _ISpeechVoiceEvents_Viseme called
2025-03-19 10:19:48,420 - DEBUG - <comtypes.client._events.CreateEventReceiver.<locals>.Sink object at 0x0000020BD92E3610>.Release() -> 1
2025-03-19 10:19:48,521 - DEBUG - <comtypes.client._events.CreateEventReceiver.<locals>.Sink object at 0x0000020BD92E3610>.AddRef() -> 2
2025-03-19 10:19:48,521 - DEBUG - unimplemented method _ISpeechVoiceEvents_Phoneme called
2025-03-19 10:19:48,522 - DEBUG - <comtypes.client._events.CreateEventReceiver.<locals>.Sink object at 0x0000020BD92E3610>.Release() -> 1
2025-03-19 10:19:48,522 - DEBUG - <comtypes.client._events.CreateEventReceiver.<locals>.Sink object at 0x0000020BD92E3610>.AddRef() -> 2
2025-03-19 10:19:48,522 - DEBUG - unimplemented method _ISpeechVoiceEvents_Viseme called
2025-03-19 10:19:48,522 - DEBUG - <comtypes.client._events.CreateEventReceiver.<locals>.Sink object at 0x0000020BD92E3610>.Release() -> 1
2025-03-19 10:19:48,624 - DEBUG - <comtypes.client._events.CreateEventReceiver.<locals>.Sink object at 0x0000020BD92E3610>.AddRef() -> 2
2025-03-19 10:19:48,624 - DEBUG - unimplemented method _ISpeechVoiceEvents_Phoneme called
2025-03-19 10:19:48,624 - DEBUG - <comtypes.client._events.CreateEventReceiver.<locals>.Sink object at 0x0000020BD92E3610>.Release() -> 1
2025-03-19 10:19:48,625 - DEBUG - <comtypes.client._events.CreateEventReceiver.<locals>.Sink object at 0x0000020BD92E3610>.AddRef() -> 2
2025-03-19 10:19:48,625 - DEBUG - unimplemented method _ISpeechVoiceEvents_Viseme called
2025-03-19 10:19:48,625 - DEBUG - <comtypes.client._events.CreateEventReceiver.<locals>.Sink object at 0x0000020BD92E3610>.Release() -> 1
2025-03-19 10:19:48,726 - DEBUG - <comtypes.client._events.CreateEventReceiver.<locals>.Sink object at 0x0000020BD92E3610>.AddRef() -> 2
2025-03-19 10:19:48,726 - DEBUG - unimplemented method _ISpeechVoiceEvents_Phoneme called
2025-03-19 10:19:48,726 - DEBUG - <comtypes.client._events.CreateEventReceiver.<locals>.Sink object at 0x0000020BD92E3610>.Release() -> 1
2025-03-19 10:19:48,726 - DEBUG - <comtypes.client._events.CreateEventReceiver.<locals>.Sink object at 0x0000020BD92E3610>.AddRef() -> 2
2025-03-19 10:19:48,727 - DEBUG - unimplemented method _ISpeechVoiceEvents_Viseme called
2025-03-19 10:19:48,727 - DEBUG - <comtypes.client._events.CreateEventReceiver.<locals>.Sink object at 0x0000020BD92E3610>.Release() -> 1
2025-03-19 10:19:49,483 - DEBUG - <comtypes.client._events.CreateEventReceiver.<locals>.Sink object at 0x0000020BD92E3610>.AddRef() -> 2
2025-03-19 10:19:49,483 - DEBUG - unimplemented method _ISpeechVoiceEvents_Sentence called
2025-03-19 10:19:49,483 - DEBUG - <comtypes.client._events.CreateEventReceiver.<locals>.Sink object at 0x0000020BD92E3610>.Release() -> 1
2025-03-19 10:19:49,483 - DEBUG - <comtypes.client._events.CreateEventReceiver.<locals>.Sink object at 0x0000020BD92E3610>.AddRef() -> 2
2025-03-19 10:19:49,484 - DEBUG - unimplemented method _ISpeechVoiceEvents_Phoneme called
2025-03-19 10:19:49,484 - DEBUG - <comtypes.client._events.CreateEventReceiver.<locals>.Sink object at 0x0000020BD92E3610>.Release() -> 1
2025-03-19 10:19:49,484 - DEBUG - <comtypes.client._events.CreateEventReceiver.<locals>.Sink object at 0x0000020BD92E3610>.AddRef() -> 2
2025-03-19 10:19:49,484 - DEBUG - unimplemented method _ISpeechVoiceEvents_Viseme called
2025-03-19 10:19:49,485 - DEBUG - <comtypes.client._events.CreateEventReceiver.<locals>.Sink object at 0x0000020BD92E3610>.Release() -> 1
2025-03-19 10:19:49,586 - DEBUG - <comtypes.client._events.CreateEventReceiver.<locals>.Sink object at 0x0000020BD92E3610>.AddRef() -> 2
2025-03-19 10:19:49,586 - DEBUG - <comtypes.client._events.CreateEventReceiver.<locals>.Sink object at 0x0000020BD92E3610>.Release() -> 1
2025-03-19 10:19:49,586 - DEBUG - <comtypes.client._events.CreateEventReceiver.<locals>.Sink object at 0x0000020BD92E3610>.AddRef() -> 2
2025-03-19 10:19:49,586 - DEBUG - unimplemented method _ISpeechVoiceEvents_Phoneme called
2025-03-19 10:19:49,586 - DEBUG - <comtypes.client._events.CreateEventReceiver.<locals>.Sink object at 0x0000020BD92E3610>.Release() -> 1
2025-03-19 10:19:49,586 - DEBUG - <comtypes.client._events.CreateEventReceiver.<locals>.Sink object at 0x0000020BD92E3610>.AddRef() -> 2
2025-03-19 10:19:49,587 - DEBUG - unimplemented method _ISpeechVoiceEvents_Viseme called
2025-03-19 10:19:49,587 - DEBUG - <comtypes.client._events.CreateEventReceiver.<locals>.Sink object at 0x0000020BD92E3610>.Release() -> 1
2025-03-19 10:19:49,689 - DEBUG - <comtypes.client._events.CreateEventReceiver.<locals>.Sink object at 0x0000020BD92E3610>.AddRef() -> 2
2025-03-19 10:19:49,689 - DEBUG - unimplemented method _ISpeechVoiceEvents_Phoneme called
2025-03-19 10:19:49,689 - DEBUG - <comtypes.client._events.CreateEventReceiver.<locals>.Sink object at 0x0000020BD92E3610>.Release() -> 1
2025-03-19 10:19:49,690 - DEBUG - <comtypes.client._events.CreateEventReceiver.<locals>.Sink object at 0x0000020BD92E3610>.AddRef() -> 2
2025-03-19 10:19:49,690 - DEBUG - unimplemented method _ISpeechVoiceEvents_Viseme called
2025-03-19 10:19:49,690 - DEBUG - <comtypes.client._events.CreateEventReceiver.<locals>.Sink object at 0x0000020BD92E3610>.Release() -> 1
2025-03-19 10:19:49,741 - DEBUG - <comtypes.client._events.CreateEventReceiver.<locals>.Sink object at 0x0000020BD92E3610>.AddRef() -> 2
2025-03-19 10:19:49,742 - DEBUG - <comtypes.client._events.CreateEventReceiver.<locals>.Sink object at 0x0000020BD92E3610>.Release() -> 1
2025-03-19 10:19:49,742 - DEBUG - <comtypes.client._events.CreateEventReceiver.<locals>.Sink object at 0x0000020BD92E3610>.AddRef() -> 2
2025-03-19 10:19:49,742 - DEBUG - unimplemented method _ISpeechVoiceEvents_Phoneme called
2025-03-19 10:19:49,742 - DEBUG - <comtypes.client._events.CreateEventReceiver.<locals>.Sink object at 0x0000020BD92E3610>.Release() -> 1
2025-03-19 10:19:49,743 - DEBUG - <comtypes.client._events.CreateEventReceiver.<locals>.Sink object at 0x0000020BD92E3610>.AddRef() -> 2
2025-03-19 10:19:49,743 - DEBUG - unimplemented method _ISpeechVoiceEvents_Viseme called
2025-03-19 10:19:49,743 - DEBUG - <comtypes.client._events.CreateEventReceiver.<locals>.Sink object at 0x0000020BD92E3610>.Release() -> 1
2025-03-19 10:19:49,844 - DEBUG - <comtypes.client._events.CreateEventReceiver.<locals>.Sink object at 0x0000020BD92E3610>.AddRef() -> 2
2025-03-19 10:19:49,844 - DEBUG - unimplemented method _ISpeechVoiceEvents_Phoneme called
2025-03-19 10:19:49,844 - DEBUG - <comtypes.client._events.CreateEventReceiver.<locals>.Sink object at 0x0000020BD92E3610>.Release() -> 1
2025-03-19 10:19:49,844 - DEBUG - <comtypes.client._events.CreateEventReceiver.<locals>.Sink object at 0x0000020BD92E3610>.AddRef() -> 2
2025-03-19 10:19:49,845 - DEBUG - unimplemented method _ISpeechVoiceEvents_Viseme called
2025-03-19 10:19:49,845 - DEBUG - <comtypes.client._events.CreateEventReceiver.<locals>.Sink object at 0x0000020BD92E3610>.Release() -> 1
2025-03-19 10:19:49,946 - DEBUG - <comtypes.client._events.CreateEventReceiver.<locals>.Sink object at 0x0000020BD92E3610>.AddRef() -> 2
2025-03-19 10:19:49,946 - DEBUG - unimplemented method _ISpeechVoiceEvents_Phoneme called
2025-03-19 10:19:49,947 - DEBUG - <comtypes.client._events.CreateEventReceiver.<locals>.Sink object at 0x0000020BD92E3610>.Release() -> 1
2025-03-19 10:19:49,947 - DEBUG - <comtypes.client._events.CreateEventReceiver.<locals>.Sink object at 0x0000020BD92E3610>.AddRef() -> 2
2025-03-19 10:19:49,947 - DEBUG - unimplemented method _ISpeechVoiceEvents_Viseme called
2025-03-19 10:19:49,947 - DEBUG - <comtypes.client._events.CreateEventReceiver.<locals>.Sink object at 0x0000020BD92E3610>.Release() -> 1
2025-03-19 10:19:49,998 - DEBUG - <comtypes.client._events.CreateEventReceiver.<locals>.Sink object at 0x0000020BD92E3610>.AddRef() -> 2
2025-03-19 10:19:49,998 - DEBUG - unimplemented method _ISpeechVoiceEvents_Phoneme called
2025-03-19 10:19:49,998 - DEBUG - <comtypes.client._events.CreateEventReceiver.<locals>.Sink object at 0x0000020BD92E3610>.Release() -> 1
2025-03-19 10:19:49,999 - DEBUG - <comtypes.client._events.CreateEventReceiver.<locals>.Sink object at 0x0000020BD92E3610>.AddRef() -> 2
2025-03-19 10:19:49,999 - DEBUG - unimplemented method _ISpeechVoiceEvents_Viseme called
2025-03-19 10:19:49,999 - DEBUG - <comtypes.client._events.CreateEventReceiver.<locals>.Sink object at 0x0000020BD92E3610>.Release() -> 1
2025-03-19 10:19:50,102 - DEBUG - <comtypes.client._events.CreateEventReceiver.<locals>.Sink object at 0x0000020BD92E3610>.AddRef() -> 2
2025-03-19 10:19:50,102 - DEBUG - <comtypes.client._events.CreateEventReceiver.<locals>.Sink object at 0x0000020BD92E3610>.Release() -> 1
2025-03-19 10:19:50,103 - DEBUG - <comtypes.client._events.CreateEventReceiver.<locals>.Sink object at 0x0000020BD92E3610>.AddRef() -> 2
2025-03-19 10:19:50,103 - DEBUG - unimplemented method _ISpeechVoiceEvents_Phoneme called
2025-03-19 10:19:50,103 - DEBUG - <comtypes.client._events.CreateEventReceiver.<locals>.Sink object at 0x0000020BD92E3610>.Release() -> 1
2025-03-19 10:19:50,103 - DEBUG - <comtypes.client._events.CreateEventReceiver.<locals>.Sink object at 0x0000020BD92E3610>.AddRef() -> 2
2025-03-19 10:19:50,104 - DEBUG - unimplemented method _ISpeechVoiceEvents_Viseme called
2025-03-19 10:19:50,104 - DEBUG - <comtypes.client._events.CreateEventReceiver.<locals>.Sink object at 0x0000020BD92E3610>.Release() -> 1
2025-03-19 10:19:50,155 - DEBUG - <comtypes.client._events.CreateEventReceiver.<locals>.Sink object at 0x0000020BD92E3610>.AddRef() -> 2
2025-03-19 10:19:50,155 - DEBUG - unimplemented method _ISpeechVoiceEvents_Phoneme called
2025-03-19 10:19:50,155 - DEBUG - <comtypes.client._events.CreateEventReceiver.<locals>.Sink object at 0x0000020BD92E3610>.Release() -> 1
2025-03-19 10:19:50,155 - DEBUG - <comtypes.client._events.CreateEventReceiver.<locals>.Sink object at 0x0000020BD92E3610>.AddRef() -> 2
2025-03-19 10:19:50,156 - DEBUG - unimplemented method _ISpeechVoiceEvents_Viseme called
2025-03-19 10:19:50,156 - DEBUG - <comtypes.client._events.CreateEventReceiver.<locals>.Sink object at 0x0000020BD92E3610>.Release() -> 1
2025-03-19 10:19:50,207 - DEBUG - <comtypes.client._events.CreateEventReceiver.<locals>.Sink object at 0x0000020BD92E3610>.AddRef() -> 2
2025-03-19 10:19:50,207 - DEBUG - unimplemented method _ISpeechVoiceEvents_Viseme called
2025-03-19 10:19:50,207 - DEBUG - <comtypes.client._events.CreateEventReceiver.<locals>.Sink object at 0x0000020BD92E3610>.Release() -> 1
2025-03-19 10:19:50,258 - DEBUG - <comtypes.client._events.CreateEventReceiver.<locals>.Sink object at 0x0000020BD92E3610>.AddRef() -> 2
2025-03-19 10:19:50,258 - DEBUG - unimplemented method _ISpeechVoiceEvents_Phoneme called
2025-03-19 10:19:50,258 - DEBUG - <comtypes.client._events.CreateEventReceiver.<locals>.Sink object at 0x0000020BD92E3610>.Release() -> 1
2025-03-19 10:19:50,259 - DEBUG - <comtypes.client._events.CreateEventReceiver.<locals>.Sink object at 0x0000020BD92E3610>.AddRef() -> 2
2025-03-19 10:19:50,260 - DEBUG - unimplemented method _ISpeechVoiceEvents_Viseme called
2025-03-19 10:19:50,260 - DEBUG - <comtypes.client._events.CreateEventReceiver.<locals>.Sink object at 0x0000020BD92E3610>.Release() -> 1
2025-03-19 10:19:50,361 - DEBUG - <comtypes.client._events.CreateEventReceiver.<locals>.Sink object at 0x0000020BD92E3610>.AddRef() -> 2
2025-03-19 10:19:50,361 - DEBUG - <comtypes.client._events.CreateEventReceiver.<locals>.Sink object at 0x0000020BD92E3610>.Release() -> 1
2025-03-19 10:19:50,361 - DEBUG - <comtypes.client._events.CreateEventReceiver.<locals>.Sink object at 0x0000020BD92E3610>.AddRef() -> 2
2025-03-19 10:19:50,361 - DEBUG - unimplemented method _ISpeechVoiceEvents_Phoneme called
2025-03-19 10:19:50,361 - DEBUG - <comtypes.client._events.CreateEventReceiver.<locals>.Sink object at 0x0000020BD92E3610>.Release() -> 1
2025-03-19 10:19:50,361 - DEBUG - <comtypes.client._events.CreateEventReceiver.<locals>.Sink object at 0x0000020BD92E3610>.AddRef() -> 2
2025-03-19 10:19:50,361 - DEBUG - unimplemented method _ISpeechVoiceEvents_Viseme called
2025-03-19 10:19:50,363 - DEBUG - <comtypes.client._events.CreateEventReceiver.<locals>.Sink object at 0x0000020BD92E3610>.Release() -> 1
2025-03-19 10:19:50,413 - DEBUG - <comtypes.client._events.CreateEventReceiver.<locals>.Sink object at 0x0000020BD92E3610>.AddRef() -> 2
2025-03-19 10:19:50,413 - DEBUG - unimplemented method _ISpeechVoiceEvents_Phoneme called
2025-03-19 10:19:50,413 - DEBUG - <comtypes.client._events.CreateEventReceiver.<locals>.Sink object at 0x0000020BD92E3610>.Release() -> 1
2025-03-19 10:19:50,414 - DEBUG - <comtypes.client._events.CreateEventReceiver.<locals>.Sink object at 0x0000020BD92E3610>.AddRef() -> 2
2025-03-19 10:19:50,414 - DEBUG - unimplemented method _ISpeechVoiceEvents_Viseme called
2025-03-19 10:19:50,415 - DEBUG - <comtypes.client._events.CreateEventReceiver.<locals>.Sink object at 0x0000020BD92E3610>.Release() -> 1
2025-03-19 10:19:50,465 - DEBUG - <comtypes.client._events.CreateEventReceiver.<locals>.Sink object at 0x0000020BD92E3610>.AddRef() -> 2
2025-03-19 10:19:50,465 - DEBUG - unimplemented method _ISpeechVoiceEvents_Phoneme called
2025-03-19 10:19:50,465 - DEBUG - <comtypes.client._events.CreateEventReceiver.<locals>.Sink object at 0x0000020BD92E3610>.Release() -> 1
2025-03-19 10:19:50,466 - DEBUG - <comtypes.client._events.CreateEventReceiver.<locals>.Sink object at 0x0000020BD92E3610>.AddRef() -> 2
2025-03-19 10:19:50,466 - DEBUG - unimplemented method _ISpeechVoiceEvents_Viseme called
2025-03-19 10:19:50,466 - DEBUG - <comtypes.client._events.CreateEventReceiver.<locals>.Sink object at 0x0000020BD92E3610>.Release() -> 1
2025-03-19 10:19:50,518 - DEBUG - <comtypes.client._events.CreateEventReceiver.<locals>.Sink object at 0x0000020BD92E3610>.AddRef() -> 2
2025-03-19 10:19:50,518 - DEBUG - unimplemented method _ISpeechVoiceEvents_Phoneme called
2025-03-19 10:19:50,518 - DEBUG - <comtypes.client._events.CreateEventReceiver.<locals>.Sink object at 0x0000020BD92E3610>.Release() -> 1
2025-03-19 10:19:50,519 - DEBUG - <comtypes.client._events.CreateEventReceiver.<locals>.Sink object at 0x0000020BD92E3610>.AddRef() -> 2
2025-03-19 10:19:50,519 - DEBUG - unimplemented method _ISpeechVoiceEvents_Viseme called
2025-03-19 10:19:50,519 - DEBUG - <comtypes.client._events.CreateEventReceiver.<locals>.Sink object at 0x0000020BD92E3610>.Release() -> 1
2025-03-19 10:19:50,570 - DEBUG - <comtypes.client._events.CreateEventReceiver.<locals>.Sink object at 0x0000020BD92E3610>.AddRef() -> 2
2025-03-19 10:19:50,570 - DEBUG - <comtypes.client._events.CreateEventReceiver.<locals>.Sink object at 0x0000020BD92E3610>.Release() -> 1
2025-03-19 10:19:50,570 - DEBUG - <comtypes.client._events.CreateEventReceiver.<locals>.Sink object at 0x0000020BD92E3610>.AddRef() -> 2
2025-03-19 10:19:50,570 - DEBUG - unimplemented method _ISpeechVoiceEvents_Phoneme called
2025-03-19 10:19:50,571 - DEBUG - <comtypes.client._events.CreateEventReceiver.<locals>.Sink object at 0x0000020BD92E3610>.Release() -> 1
2025-03-19 10:19:50,571 - DEBUG - <comtypes.client._events.CreateEventReceiver.<locals>.Sink object at 0x0000020BD92E3610>.AddRef() -> 2
2025-03-19 10:19:50,571 - DEBUG - unimplemented method _ISpeechVoiceEvents_Viseme called
2025-03-19 10:19:50,571 - DEBUG - <comtypes.client._events.CreateEventReceiver.<locals>.Sink object at 0x0000020BD92E3610>.Release() -> 1
2025-03-19 10:19:50,622 - DEBUG - <comtypes.client._events.CreateEventReceiver.<locals>.Sink object at 0x0000020BD92E3610>.AddRef() -> 2
2025-03-19 10:19:50,622 - DEBUG - <comtypes.client._events.CreateEventReceiver.<locals>.Sink object at 0x0000020BD92E3610>.Release() -> 1
2025-03-19 10:19:50,622 - DEBUG - <comtypes.client._events.CreateEventReceiver.<locals>.Sink object at 0x0000020BD92E3610>.AddRef() -> 2
2025-03-19 10:19:50,623 - DEBUG - unimplemented method _ISpeechVoiceEvents_Phoneme called
2025-03-19 10:19:50,623 - DEBUG - <comtypes.client._events.CreateEventReceiver.<locals>.Sink object at 0x0000020BD92E3610>.Release() -> 1
2025-03-19 10:19:50,623 - DEBUG - <comtypes.client._events.CreateEventReceiver.<locals>.Sink object at 0x0000020BD92E3610>.AddRef() -> 2
2025-03-19 10:19:50,623 - DEBUG - unimplemented method _ISpeechVoiceEvents_Viseme called
2025-03-19 10:19:50,624 - DEBUG - <comtypes.client._events.CreateEventReceiver.<locals>.Sink object at 0x0000020BD92E3610>.Release() -> 1
2025-03-19 10:19:50,675 - DEBUG - <comtypes.client._events.CreateEventReceiver.<locals>.Sink object at 0x0000020BD92E3610>.AddRef() -> 2
2025-03-19 10:19:50,675 - DEBUG - unimplemented method _ISpeechVoiceEvents_Phoneme called
2025-03-19 10:19:50,675 - DEBUG - <comtypes.client._events.CreateEventReceiver.<locals>.Sink object at 0x0000020BD92E3610>.Release() -> 1
2025-03-19 10:19:50,675 - DEBUG - <comtypes.client._events.CreateEventReceiver.<locals>.Sink object at 0x0000020BD92E3610>.AddRef() -> 2
2025-03-19 10:19:50,675 - DEBUG - unimplemented method _ISpeechVoiceEvents_Viseme called
2025-03-19 10:19:50,675 - DEBUG - <comtypes.client._events.CreateEventReceiver.<locals>.Sink object at 0x0000020BD92E3610>.Release() -> 1
2025-03-19 10:19:50,828 - DEBUG - <comtypes.client._events.CreateEventReceiver.<locals>.Sink object at 0x0000020BD92E3610>.AddRef() -> 2
2025-03-19 10:19:50,828 - DEBUG - unimplemented method _ISpeechVoiceEvents_Phoneme called
2025-03-19 10:19:50,828 - DEBUG - <comtypes.client._events.CreateEventReceiver.<locals>.Sink object at 0x0000020BD92E3610>.Release() -> 1
2025-03-19 10:19:50,828 - DEBUG - <comtypes.client._events.CreateEventReceiver.<locals>.Sink object at 0x0000020BD92E3610>.AddRef() -> 2
2025-03-19 10:19:50,829 - DEBUG - unimplemented method _ISpeechVoiceEvents_Viseme called
2025-03-19 10:19:50,829 - DEBUG - <comtypes.client._events.CreateEventReceiver.<locals>.Sink object at 0x0000020BD92E3610>.Release() -> 1
2025-03-19 10:19:50,829 - DEBUG - <comtypes.client._events.CreateEventReceiver.<locals>.Sink object at 0x0000020BD92E3610>.AddRef() -> 2
2025-03-19 10:19:50,829 - DEBUG - <comtypes.client._events.CreateEventReceiver.<locals>.Sink object at 0x0000020BD92E3610>.Release() -> 1
2025-03-19 10:19:50,829 - DEBUG - <comtypes.client._events.CreateEventReceiver.<locals>.Sink object at 0x0000020BD92E3610>.AddRef() -> 2
2025-03-19 10:19:50,829 - DEBUG - unimplemented method _ISpeechVoiceEvents_Phoneme called
2025-03-19 10:19:50,829 - DEBUG - <comtypes.client._events.CreateEventReceiver.<locals>.Sink object at 0x0000020BD92E3610>.Release() -> 1
2025-03-19 10:19:50,830 - DEBUG - <comtypes.client._events.CreateEventReceiver.<locals>.Sink object at 0x0000020BD92E3610>.AddRef() -> 2
2025-03-19 10:19:50,830 - DEBUG - unimplemented method _ISpeechVoiceEvents_Viseme called
2025-03-19 10:19:50,830 - DEBUG - <comtypes.client._events.CreateEventReceiver.<locals>.Sink object at 0x0000020BD92E3610>.Release() -> 1
2025-03-19 10:19:50,881 - DEBUG - <comtypes.client._events.CreateEventReceiver.<locals>.Sink object at 0x0000020BD92E3610>.AddRef() -> 2
2025-03-19 10:19:50,881 - DEBUG - unimplemented method _ISpeechVoiceEvents_Phoneme called
2025-03-19 10:19:50,882 - DEBUG - <comtypes.client._events.CreateEventReceiver.<locals>.Sink object at 0x0000020BD92E3610>.Release() -> 1
2025-03-19 10:19:50,882 - DEBUG - <comtypes.client._events.CreateEventReceiver.<locals>.Sink object at 0x0000020BD92E3610>.AddRef() -> 2
2025-03-19 10:19:50,882 - DEBUG - unimplemented method _ISpeechVoiceEvents_Viseme called
2025-03-19 10:19:50,882 - DEBUG - <comtypes.client._events.CreateEventReceiver.<locals>.Sink object at 0x0000020BD92E3610>.Release() -> 1
2025-03-19 10:19:50,933 - DEBUG - <comtypes.client._events.CreateEventReceiver.<locals>.Sink object at 0x0000020BD92E3610>.AddRef() -> 2
2025-03-19 10:19:50,934 - DEBUG - <comtypes.client._events.CreateEventReceiver.<locals>.Sink object at 0x0000020BD92E3610>.Release() -> 1
2025-03-19 10:19:50,934 - DEBUG - <comtypes.client._events.CreateEventReceiver.<locals>.Sink object at 0x0000020BD92E3610>.AddRef() -> 2
2025-03-19 10:19:50,934 - DEBUG - unimplemented method _ISpeechVoiceEvents_Phoneme called
2025-03-19 10:19:50,934 - DEBUG - <comtypes.client._events.CreateEventReceiver.<locals>.Sink object at 0x0000020BD92E3610>.Release() -> 1
2025-03-19 10:19:50,935 - DEBUG - <comtypes.client._events.CreateEventReceiver.<locals>.Sink object at 0x0000020BD92E3610>.AddRef() -> 2
2025-03-19 10:19:50,935 - DEBUG - unimplemented method _ISpeechVoiceEvents_Viseme called
2025-03-19 10:19:50,935 - DEBUG - <comtypes.client._events.CreateEventReceiver.<locals>.Sink object at 0x0000020BD92E3610>.Release() -> 1
2025-03-19 10:19:51,036 - DEBUG - <comtypes.client._events.CreateEventReceiver.<locals>.Sink object at 0x0000020BD92E3610>.AddRef() -> 2
2025-03-19 10:19:51,036 - DEBUG - unimplemented method _ISpeechVoiceEvents_Phoneme called
2025-03-19 10:19:51,036 - DEBUG - <comtypes.client._events.CreateEventReceiver.<locals>.Sink object at 0x0000020BD92E3610>.Release() -> 1
2025-03-19 10:19:51,036 - DEBUG - <comtypes.client._events.CreateEventReceiver.<locals>.Sink object at 0x0000020BD92E3610>.AddRef() -> 2
2025-03-19 10:19:51,036 - DEBUG - unimplemented method _ISpeechVoiceEvents_Viseme called
2025-03-19 10:19:51,036 - DEBUG - <comtypes.client._events.CreateEventReceiver.<locals>.Sink object at 0x0000020BD92E3610>.Release() -> 1
2025-03-19 10:19:51,139 - DEBUG - <comtypes.client._events.CreateEventReceiver.<locals>.Sink object at 0x0000020BD92E3610>.AddRef() -> 2
2025-03-19 10:19:51,139 - DEBUG - unimplemented method _ISpeechVoiceEvents_Viseme called
2025-03-19 10:19:51,139 - DEBUG - <comtypes.client._events.CreateEventReceiver.<locals>.Sink object at 0x0000020BD92E3610>.Release() -> 1
2025-03-19 10:19:51,240 - DEBUG - <comtypes.client._events.CreateEventReceiver.<locals>.Sink object at 0x0000020BD92E3610>.AddRef() -> 2
2025-03-19 10:19:51,241 - DEBUG - unimplemented method _ISpeechVoiceEvents_Phoneme called
2025-03-19 10:19:51,241 - DEBUG - <comtypes.client._events.CreateEventReceiver.<locals>.Sink object at 0x0000020BD92E3610>.Release() -> 1
2025-03-19 10:19:51,241 - DEBUG - <comtypes.client._events.CreateEventReceiver.<locals>.Sink object at 0x0000020BD92E3610>.AddRef() -> 2
2025-03-19 10:19:51,241 - DEBUG - unimplemented method _ISpeechVoiceEvents_Viseme called
2025-03-19 10:19:51,241 - DEBUG - <comtypes.client._events.CreateEventReceiver.<locals>.Sink object at 0x0000020BD92E3610>.Release() -> 1
2025-03-19 10:19:51,292 - DEBUG - <comtypes.client._events.CreateEventReceiver.<locals>.Sink object at 0x0000020BD92E3610>.AddRef() -> 2
2025-03-19 10:19:51,293 - DEBUG - <comtypes.client._events.CreateEventReceiver.<locals>.Sink object at 0x0000020BD92E3610>.Release() -> 1
2025-03-19 10:19:51,293 - DEBUG - <comtypes.client._events.CreateEventReceiver.<locals>.Sink object at 0x0000020BD92E3610>.AddRef() -> 2
2025-03-19 10:19:51,293 - DEBUG - unimplemented method _ISpeechVoiceEvents_Phoneme called
2025-03-19 10:19:51,293 - DEBUG - <comtypes.client._events.CreateEventReceiver.<locals>.Sink object at 0x0000020BD92E3610>.Release() -> 1
2025-03-19 10:19:51,293 - DEBUG - <comtypes.client._events.CreateEventReceiver.<locals>.Sink object at 0x0000020BD92E3610>.AddRef() -> 2
2025-03-19 10:19:51,293 - DEBUG - unimplemented method _ISpeechVoiceEvents_Viseme called
2025-03-19 10:19:51,293 - DEBUG - <comtypes.client._events.CreateEventReceiver.<locals>.Sink object at 0x0000020BD92E3610>.Release() -> 1
2025-03-19 10:19:51,395 - DEBUG - <comtypes.client._events.CreateEventReceiver.<locals>.Sink object at 0x0000020BD92E3610>.AddRef() -> 2
2025-03-19 10:19:51,395 - DEBUG - unimplemented method _ISpeechVoiceEvents_Phoneme called
2025-03-19 10:19:51,395 - DEBUG - <comtypes.client._events.CreateEventReceiver.<locals>.Sink object at 0x0000020BD92E3610>.Release() -> 1
2025-03-19 10:19:51,396 - DEBUG - <comtypes.client._events.CreateEventReceiver.<locals>.Sink object at 0x0000020BD92E3610>.AddRef() -> 2
2025-03-19 10:19:51,396 - DEBUG - unimplemented method _ISpeechVoiceEvents_Viseme called
2025-03-19 10:19:51,396 - DEBUG - <comtypes.client._events.CreateEventReceiver.<locals>.Sink object at 0x0000020BD92E3610>.Release() -> 1
2025-03-19 10:19:51,448 - DEBUG - <comtypes.client._events.CreateEventReceiver.<locals>.Sink object at 0x0000020BD92E3610>.AddRef() -> 2
2025-03-19 10:19:51,448 - DEBUG - <comtypes.client._events.CreateEventReceiver.<locals>.Sink object at 0x0000020BD92E3610>.Release() -> 1
2025-03-19 10:19:51,448 - DEBUG - <comtypes.client._events.CreateEventReceiver.<locals>.Sink object at 0x0000020BD92E3610>.AddRef() -> 2
2025-03-19 10:19:51,448 - DEBUG - unimplemented method _ISpeechVoiceEvents_Phoneme called
2025-03-19 10:19:51,448 - DEBUG - <comtypes.client._events.CreateEventReceiver.<locals>.Sink object at 0x0000020BD92E3610>.Release() -> 1
2025-03-19 10:19:51,449 - DEBUG - <comtypes.client._events.CreateEventReceiver.<locals>.Sink object at 0x0000020BD92E3610>.AddRef() -> 2
2025-03-19 10:19:51,449 - DEBUG - unimplemented method _ISpeechVoiceEvents_Viseme called
2025-03-19 10:19:51,449 - DEBUG - <comtypes.client._events.CreateEventReceiver.<locals>.Sink object at 0x0000020BD92E3610>.Release() -> 1
2025-03-19 10:19:51,500 - DEBUG - <comtypes.client._events.CreateEventReceiver.<locals>.Sink object at 0x0000020BD92E3610>.AddRef() -> 2
2025-03-19 10:19:51,500 - DEBUG - unimplemented method _ISpeechVoiceEvents_Phoneme called
2025-03-19 10:19:51,500 - DEBUG - <comtypes.client._events.CreateEventReceiver.<locals>.Sink object at 0x0000020BD92E3610>.Release() -> 1
2025-03-19 10:19:51,501 - DEBUG - <comtypes.client._events.CreateEventReceiver.<locals>.Sink object at 0x0000020BD92E3610>.AddRef() -> 2
2025-03-19 10:19:51,501 - DEBUG - unimplemented method _ISpeechVoiceEvents_Viseme called
2025-03-19 10:19:51,501 - DEBUG - <comtypes.client._events.CreateEventReceiver.<locals>.Sink object at 0x0000020BD92E3610>.Release() -> 1
2025-03-19 10:19:51,553 - DEBUG - <comtypes.client._events.CreateEventReceiver.<locals>.Sink object at 0x0000020BD92E3610>.AddRef() -> 2
2025-03-19 10:19:51,553 - DEBUG - unimplemented method _ISpeechVoiceEvents_Phoneme called
2025-03-19 10:19:51,553 - DEBUG - <comtypes.client._events.CreateEventReceiver.<locals>.Sink object at 0x0000020BD92E3610>.Release() -> 1
2025-03-19 10:19:51,554 - DEBUG - <comtypes.client._events.CreateEventReceiver.<locals>.Sink object at 0x0000020BD92E3610>.AddRef() -> 2
2025-03-19 10:19:51,554 - DEBUG - unimplemented method _ISpeechVoiceEvents_Viseme called
2025-03-19 10:19:51,554 - DEBUG - <comtypes.client._events.CreateEventReceiver.<locals>.Sink object at 0x0000020BD92E3610>.Release() -> 1
2025-03-19 10:19:51,605 - DEBUG - <comtypes.client._events.CreateEventReceiver.<locals>.Sink object at 0x0000020BD92E3610>.AddRef() -> 2
2025-03-19 10:19:51,605 - DEBUG - <comtypes.client._events.CreateEventReceiver.<locals>.Sink object at 0x0000020BD92E3610>.Release() -> 1
2025-03-19 10:19:51,606 - DEBUG - <comtypes.client._events.CreateEventReceiver.<locals>.Sink object at 0x0000020BD92E3610>.AddRef() -> 2
2025-03-19 10:19:51,606 - DEBUG - unimplemented method _ISpeechVoiceEvents_Phoneme called
2025-03-19 10:19:51,606 - DEBUG - <comtypes.client._events.CreateEventReceiver.<locals>.Sink object at 0x0000020BD92E3610>.Release() -> 1
2025-03-19 10:19:51,606 - DEBUG - <comtypes.client._events.CreateEventReceiver.<locals>.Sink object at 0x0000020BD92E3610>.AddRef() -> 2
2025-03-19 10:19:51,606 - DEBUG - unimplemented method _ISpeechVoiceEvents_Viseme called
2025-03-19 10:19:51,606 - DEBUG - <comtypes.client._events.CreateEventReceiver.<locals>.Sink object at 0x0000020BD92E3610>.Release() -> 1
2025-03-19 10:19:51,658 - DEBUG - <comtypes.client._events.CreateEventReceiver.<locals>.Sink object at 0x0000020BD92E3610>.AddRef() -> 2
2025-03-19 10:19:51,658 - DEBUG - unimplemented method _ISpeechVoiceEvents_Phoneme called
2025-03-19 10:19:51,658 - DEBUG - <comtypes.client._events.CreateEventReceiver.<locals>.Sink object at 0x0000020BD92E3610>.Release() -> 1
2025-03-19 10:19:51,659 - DEBUG - <comtypes.client._events.CreateEventReceiver.<locals>.Sink object at 0x0000020BD92E3610>.AddRef() -> 2
2025-03-19 10:19:51,660 - DEBUG - unimplemented method _ISpeechVoiceEvents_Viseme called
2025-03-19 10:19:51,660 - DEBUG - <comtypes.client._events.CreateEventReceiver.<locals>.Sink object at 0x0000020BD92E3610>.Release() -> 1
2025-03-19 10:19:51,761 - DEBUG - <comtypes.client._events.CreateEventReceiver.<locals>.Sink object at 0x0000020BD92E3610>.AddRef() -> 2
2025-03-19 10:19:51,761 - DEBUG - unimplemented method _ISpeechVoiceEvents_Phoneme called
2025-03-19 10:19:51,761 - DEBUG - <comtypes.client._events.CreateEventReceiver.<locals>.Sink object at 0x0000020BD92E3610>.Release() -> 1
2025-03-19 10:19:51,762 - DEBUG - <comtypes.client._events.CreateEventReceiver.<locals>.Sink object at 0x0000020BD92E3610>.AddRef() -> 2
2025-03-19 10:19:51,762 - DEBUG - unimplemented method _ISpeechVoiceEvents_Viseme called
2025-03-19 10:19:51,762 - DEBUG - <comtypes.client._events.CreateEventReceiver.<locals>.Sink object at 0x0000020BD92E3610>.Release() -> 1
2025-03-19 10:19:51,863 - DEBUG - <comtypes.client._events.CreateEventReceiver.<locals>.Sink object at 0x0000020BD92E3610>.AddRef() -> 2
2025-03-19 10:19:51,863 - DEBUG - unimplemented method _ISpeechVoiceEvents_Phoneme called
2025-03-19 10:19:51,863 - DEBUG - <comtypes.client._events.CreateEventReceiver.<locals>.Sink object at 0x0000020BD92E3610>.Release() -> 1
2025-03-19 10:19:51,864 - DEBUG - <comtypes.client._events.CreateEventReceiver.<locals>.Sink object at 0x0000020BD92E3610>.AddRef() -> 2
2025-03-19 10:19:51,864 - DEBUG - unimplemented method _ISpeechVoiceEvents_Viseme called
2025-03-19 10:19:51,864 - DEBUG - <comtypes.client._events.CreateEventReceiver.<locals>.Sink object at 0x0000020BD92E3610>.Release() -> 1
2025-03-19 10:19:51,916 - DEBUG - <comtypes.client._events.CreateEventReceiver.<locals>.Sink object at 0x0000020BD92E3610>.AddRef() -> 2
2025-03-19 10:19:51,916 - DEBUG - unimplemented method _ISpeechVoiceEvents_Phoneme called
2025-03-19 10:19:51,916 - DEBUG - <comtypes.client._events.CreateEventReceiver.<locals>.Sink object at 0x0000020BD92E3610>.Release() -> 1
2025-03-19 10:19:51,916 - DEBUG - <comtypes.client._events.CreateEventReceiver.<locals>.Sink object at 0x0000020BD92E3610>.AddRef() -> 2
2025-03-19 10:19:51,916 - DEBUG - unimplemented method _ISpeechVoiceEvents_Viseme called
2025-03-19 10:19:51,918 - DEBUG - <comtypes.client._events.CreateEventReceiver.<locals>.Sink object at 0x0000020BD92E3610>.Release() -> 1
2025-03-19 10:19:51,968 - DEBUG - <comtypes.client._events.CreateEventReceiver.<locals>.Sink object at 0x0000020BD92E3610>.AddRef() -> 2
2025-03-19 10:19:51,968 - DEBUG - unimplemented method _ISpeechVoiceEvents_Viseme called
2025-03-19 10:19:51,968 - DEBUG - <comtypes.client._events.CreateEventReceiver.<locals>.Sink object at 0x0000020BD92E3610>.Release() -> 1
2025-03-19 10:19:51,969 - DEBUG - <comtypes.client._events.CreateEventReceiver.<locals>.Sink object at 0x0000020BD92E3610>.AddRef() -> 2
2025-03-19 10:19:51,969 - DEBUG - unimplemented method _ISpeechVoiceEvents_Phoneme called
2025-03-19 10:19:51,969 - DEBUG - <comtypes.client._events.CreateEventReceiver.<locals>.Sink object at 0x0000020BD92E3610>.Release() -> 1
2025-03-19 10:19:51,969 - DEBUG - <comtypes.client._events.CreateEventReceiver.<locals>.Sink object at 0x0000020BD92E3610>.AddRef() -> 2
2025-03-19 10:19:51,970 - DEBUG - unimplemented method _ISpeechVoiceEvents_Viseme called
2025-03-19 10:19:51,970 - DEBUG - <comtypes.client._events.CreateEventReceiver.<locals>.Sink object at 0x0000020BD92E3610>.Release() -> 1
2025-03-19 10:19:52,021 - DEBUG - <comtypes.client._events.CreateEventReceiver.<locals>.Sink object at 0x0000020BD92E3610>.AddRef() -> 2
2025-03-19 10:19:52,021 - DEBUG - unimplemented method _ISpeechVoiceEvents_Phoneme called
2025-03-19 10:19:52,021 - DEBUG - <comtypes.client._events.CreateEventReceiver.<locals>.Sink object at 0x0000020BD92E3610>.Release() -> 1
2025-03-19 10:19:52,021 - DEBUG - <comtypes.client._events.CreateEventReceiver.<locals>.Sink object at 0x0000020BD92E3610>.AddRef() -> 2
2025-03-19 10:19:52,022 - DEBUG - unimplemented method _ISpeechVoiceEvents_Viseme called
2025-03-19 10:19:52,022 - DEBUG - <comtypes.client._events.CreateEventReceiver.<locals>.Sink object at 0x0000020BD92E3610>.Release() -> 1
2025-03-19 10:19:52,223 - DEBUG - <comtypes.client._events.CreateEventReceiver.<locals>.Sink object at 0x0000020BD92E3610>.AddRef() -> 2
2025-03-19 10:19:52,223 - DEBUG - unimplemented method _ISpeechVoiceEvents_Phoneme called
2025-03-19 10:19:52,223 - DEBUG - <comtypes.client._events.CreateEventReceiver.<locals>.Sink object at 0x0000020BD92E3610>.Release() -> 1
2025-03-19 10:19:52,223 - DEBUG - <comtypes.client._events.CreateEventReceiver.<locals>.Sink object at 0x0000020BD92E3610>.AddRef() -> 2
2025-03-19 10:19:52,223 - DEBUG - unimplemented method _ISpeechVoiceEvents_Viseme called
2025-03-19 10:19:52,225 - DEBUG - <comtypes.client._events.CreateEventReceiver.<locals>.Sink object at 0x0000020BD92E3610>.Release() -> 1
2025-03-19 10:19:53,133 - DEBUG - <comtypes.client._events.CreateEventReceiver.<locals>.Sink object at 0x0000020BD92E3610>.AddRef() -> 2
2025-03-19 10:19:53,133 - DEBUG - unimplemented method _ISpeechVoiceEvents_Sentence called
2025-03-19 10:19:53,133 - DEBUG - <comtypes.client._events.CreateEventReceiver.<locals>.Sink object at 0x0000020BD92E3610>.Release() -> 1
2025-03-19 10:19:53,133 - DEBUG - <comtypes.client._events.CreateEventReceiver.<locals>.Sink object at 0x0000020BD92E3610>.AddRef() -> 2
2025-03-19 10:19:53,134 - DEBUG - unimplemented method _ISpeechVoiceEvents_Phoneme called
2025-03-19 10:19:53,134 - DEBUG - <comtypes.client._events.CreateEventReceiver.<locals>.Sink object at 0x0000020BD92E3610>.Release() -> 1
2025-03-19 10:19:53,134 - DEBUG - <comtypes.client._events.CreateEventReceiver.<locals>.Sink object at 0x0000020BD92E3610>.AddRef() -> 2
2025-03-19 10:19:53,134 - DEBUG - unimplemented method _ISpeechVoiceEvents_Viseme called
2025-03-19 10:19:53,135 - DEBUG - <comtypes.client._events.CreateEventReceiver.<locals>.Sink object at 0x0000020BD92E3610>.Release() -> 1
2025-03-19 10:19:53,236 - DEBUG - <comtypes.client._events.CreateEventReceiver.<locals>.Sink object at 0x0000020BD92E3610>.AddRef() -> 2
2025-03-19 10:19:53,236 - DEBUG - <comtypes.client._events.CreateEventReceiver.<locals>.Sink object at 0x0000020BD92E3610>.Release() -> 1
2025-03-19 10:19:53,236 - DEBUG - <comtypes.client._events.CreateEventReceiver.<locals>.Sink object at 0x0000020BD92E3610>.AddRef() -> 2
2025-03-19 10:19:53,236 - DEBUG - unimplemented method _ISpeechVoiceEvents_Phoneme called
2025-03-19 10:19:53,236 - DEBUG - <comtypes.client._events.CreateEventReceiver.<locals>.Sink object at 0x0000020BD92E3610>.Release() -> 1
2025-03-19 10:19:53,236 - DEBUG - <comtypes.client._events.CreateEventReceiver.<locals>.Sink object at 0x0000020BD92E3610>.AddRef() -> 2
2025-03-19 10:19:53,236 - DEBUG - unimplemented method _ISpeechVoiceEvents_Viseme called
2025-03-19 10:19:53,238 - DEBUG - <comtypes.client._events.CreateEventReceiver.<locals>.Sink object at 0x0000020BD92E3610>.Release() -> 1
2025-03-19 10:19:53,288 - DEBUG - <comtypes.client._events.CreateEventReceiver.<locals>.Sink object at 0x0000020BD92E3610>.AddRef() -> 2
2025-03-19 10:19:53,288 - DEBUG - unimplemented method _ISpeechVoiceEvents_Phoneme called
2025-03-19 10:19:53,288 - DEBUG - <comtypes.client._events.CreateEventReceiver.<locals>.Sink object at 0x0000020BD92E3610>.Release() -> 1
2025-03-19 10:19:53,288 - DEBUG - <comtypes.client._events.CreateEventReceiver.<locals>.Sink object at 0x0000020BD92E3610>.AddRef() -> 2
2025-03-19 10:19:53,288 - DEBUG - unimplemented method _ISpeechVoiceEvents_Viseme called
2025-03-19 10:19:53,290 - DEBUG - <comtypes.client._events.CreateEventReceiver.<locals>.Sink object at 0x0000020BD92E3610>.Release() -> 1
2025-03-19 10:19:53,340 - DEBUG - <comtypes.client._events.CreateEventReceiver.<locals>.Sink object at 0x0000020BD92E3610>.AddRef() -> 2
2025-03-19 10:19:53,340 - DEBUG - unimplemented method _ISpeechVoiceEvents_Phoneme called
2025-03-19 10:19:53,340 - DEBUG - <comtypes.client._events.CreateEventReceiver.<locals>.Sink object at 0x0000020BD92E3610>.Release() -> 1
2025-03-19 10:19:53,340 - DEBUG - <comtypes.client._events.CreateEventReceiver.<locals>.Sink object at 0x0000020BD92E3610>.AddRef() -> 2
2025-03-19 10:19:53,341 - DEBUG - unimplemented method _ISpeechVoiceEvents_Viseme called
2025-03-19 10:19:53,341 - DEBUG - <comtypes.client._events.CreateEventReceiver.<locals>.Sink object at 0x0000020BD92E3610>.Release() -> 1
2025-03-19 10:19:53,393 - DEBUG - <comtypes.client._events.CreateEventReceiver.<locals>.Sink object at 0x0000020BD92E3610>.AddRef() -> 2
2025-03-19 10:19:53,393 - DEBUG - <comtypes.client._events.CreateEventReceiver.<locals>.Sink object at 0x0000020BD92E3610>.Release() -> 1
2025-03-19 10:19:53,393 - DEBUG - <comtypes.client._events.CreateEventReceiver.<locals>.Sink object at 0x0000020BD92E3610>.AddRef() -> 2
2025-03-19 10:19:53,394 - DEBUG - unimplemented method _ISpeechVoiceEvents_Phoneme called
2025-03-19 10:19:53,394 - DEBUG - <comtypes.client._events.CreateEventReceiver.<locals>.Sink object at 0x0000020BD92E3610>.Release() -> 1
2025-03-19 10:19:53,394 - DEBUG - <comtypes.client._events.CreateEventReceiver.<locals>.Sink object at 0x0000020BD92E3610>.AddRef() -> 2
2025-03-19 10:19:53,394 - DEBUG - unimplemented method _ISpeechVoiceEvents_Viseme called
2025-03-19 10:19:53,395 - DEBUG - <comtypes.client._events.CreateEventReceiver.<locals>.Sink object at 0x0000020BD92E3610>.Release() -> 1
2025-03-19 10:19:53,446 - DEBUG - <comtypes.client._events.CreateEventReceiver.<locals>.Sink object at 0x0000020BD92E3610>.AddRef() -> 2
2025-03-19 10:19:53,446 - DEBUG - unimplemented method _ISpeechVoiceEvents_Phoneme called
2025-03-19 10:19:53,446 - DEBUG - <comtypes.client._events.CreateEventReceiver.<locals>.Sink object at 0x0000020BD92E3610>.Release() -> 1
2025-03-19 10:19:53,446 - DEBUG - <comtypes.client._events.CreateEventReceiver.<locals>.Sink object at 0x0000020BD92E3610>.AddRef() -> 2
2025-03-19 10:19:53,446 - DEBUG - unimplemented method _ISpeechVoiceEvents_Viseme called
2025-03-19 10:19:53,447 - DEBUG - <comtypes.client._events.CreateEventReceiver.<locals>.Sink object at 0x0000020BD92E3610>.Release() -> 1
2025-03-19 10:19:53,498 - DEBUG - <comtypes.client._events.CreateEventReceiver.<locals>.Sink object at 0x0000020BD92E3610>.AddRef() -> 2
2025-03-19 10:19:53,498 - DEBUG - <comtypes.client._events.CreateEventReceiver.<locals>.Sink object at 0x0000020BD92E3610>.Release() -> 1
2025-03-19 10:19:53,498 - DEBUG - <comtypes.client._events.CreateEventReceiver.<locals>.Sink object at 0x0000020BD92E3610>.AddRef() -> 2
2025-03-19 10:19:53,498 - DEBUG - unimplemented method _ISpeechVoiceEvents_Phoneme called
2025-03-19 10:19:53,499 - DEBUG - <comtypes.client._events.CreateEventReceiver.<locals>.Sink object at 0x0000020BD92E3610>.Release() -> 1
2025-03-19 10:19:53,499 - DEBUG - <comtypes.client._events.CreateEventReceiver.<locals>.Sink object at 0x0000020BD92E3610>.AddRef() -> 2
2025-03-19 10:19:53,499 - DEBUG - unimplemented method _ISpeechVoiceEvents_Viseme called
2025-03-19 10:19:53,499 - DEBUG - <comtypes.client._events.CreateEventReceiver.<locals>.Sink object at 0x0000020BD92E3610>.Release() -> 1
2025-03-19 10:19:53,651 - DEBUG - <comtypes.client._events.CreateEventReceiver.<locals>.Sink object at 0x0000020BD92E3610>.AddRef() -> 2
2025-03-19 10:19:53,651 - DEBUG - unimplemented method _ISpeechVoiceEvents_Phoneme called
2025-03-19 10:19:53,651 - DEBUG - <comtypes.client._events.CreateEventReceiver.<locals>.Sink object at 0x0000020BD92E3610>.Release() -> 1
2025-03-19 10:19:53,653 - DEBUG - <comtypes.client._events.CreateEventReceiver.<locals>.Sink object at 0x0000020BD92E3610>.AddRef() -> 2
2025-03-19 10:19:53,653 - DEBUG - unimplemented method _ISpeechVoiceEvents_Viseme called
2025-03-19 10:19:53,653 - DEBUG - <comtypes.client._events.CreateEventReceiver.<locals>.Sink object at 0x0000020BD92E3610>.Release() -> 1
2025-03-19 10:19:53,703 - DEBUG - <comtypes.client._events.CreateEventReceiver.<locals>.Sink object at 0x0000020BD92E3610>.AddRef() -> 2
2025-03-19 10:19:53,703 - DEBUG - unimplemented method _ISpeechVoiceEvents_Phoneme called
2025-03-19 10:19:53,703 - DEBUG - <comtypes.client._events.CreateEventReceiver.<locals>.Sink object at 0x0000020BD92E3610>.Release() -> 1
2025-03-19 10:19:53,703 - DEBUG - <comtypes.client._events.CreateEventReceiver.<locals>.Sink object at 0x0000020BD92E3610>.AddRef() -> 2
2025-03-19 10:19:53,704 - DEBUG - unimplemented method _ISpeechVoiceEvents_Viseme called
2025-03-19 10:19:53,704 - DEBUG - <comtypes.client._events.CreateEventReceiver.<locals>.Sink object at 0x0000020BD92E3610>.Release() -> 1
2025-03-19 10:19:53,806 - DEBUG - <comtypes.client._events.CreateEventReceiver.<locals>.Sink object at 0x0000020BD92E3610>.AddRef() -> 2
2025-03-19 10:19:53,806 - DEBUG - <comtypes.client._events.CreateEventReceiver.<locals>.Sink object at 0x0000020BD92E3610>.Release() -> 1
2025-03-19 10:19:53,806 - DEBUG - <comtypes.client._events.CreateEventReceiver.<locals>.Sink object at 0x0000020BD92E3610>.AddRef() -> 2
2025-03-19 10:19:53,807 - DEBUG - unimplemented method _ISpeechVoiceEvents_Phoneme called
2025-03-19 10:19:53,807 - DEBUG - <comtypes.client._events.CreateEventReceiver.<locals>.Sink object at 0x0000020BD92E3610>.Release() -> 1
2025-03-19 10:19:53,807 - DEBUG - <comtypes.client._events.CreateEventReceiver.<locals>.Sink object at 0x0000020BD92E3610>.AddRef() -> 2
2025-03-19 10:19:53,807 - DEBUG - unimplemented method _ISpeechVoiceEvents_Viseme called
2025-03-19 10:19:53,807 - DEBUG - <comtypes.client._events.CreateEventReceiver.<locals>.Sink object at 0x0000020BD92E3610>.Release() -> 1
2025-03-19 10:19:53,858 - DEBUG - <comtypes.client._events.CreateEventReceiver.<locals>.Sink object at 0x0000020BD92E3610>.AddRef() -> 2
2025-03-19 10:19:53,858 - DEBUG - unimplemented method _ISpeechVoiceEvents_Phoneme called
2025-03-19 10:19:53,858 - DEBUG - <comtypes.client._events.CreateEventReceiver.<locals>.Sink object at 0x0000020BD92E3610>.Release() -> 1
2025-03-19 10:19:53,859 - DEBUG - <comtypes.client._events.CreateEventReceiver.<locals>.Sink object at 0x0000020BD92E3610>.AddRef() -> 2
2025-03-19 10:19:53,859 - DEBUG - unimplemented method _ISpeechVoiceEvents_Viseme called
2025-03-19 10:19:53,859 - DEBUG - <comtypes.client._events.CreateEventReceiver.<locals>.Sink object at 0x0000020BD92E3610>.Release() -> 1
2025-03-19 10:19:53,961 - DEBUG - <comtypes.client._events.CreateEventReceiver.<locals>.Sink object at 0x0000020BD92E3610>.AddRef() -> 2
2025-03-19 10:19:53,961 - DEBUG - <comtypes.client._events.CreateEventReceiver.<locals>.Sink object at 0x0000020BD92E3610>.Release() -> 1
2025-03-19 10:19:53,961 - DEBUG - <comtypes.client._events.CreateEventReceiver.<locals>.Sink object at 0x0000020BD92E3610>.AddRef() -> 2
2025-03-19 10:19:53,961 - DEBUG - unimplemented method _ISpeechVoiceEvents_Phoneme called
2025-03-19 10:19:53,961 - DEBUG - <comtypes.client._events.CreateEventReceiver.<locals>.Sink object at 0x0000020BD92E3610>.Release() -> 1
2025-03-19 10:19:53,962 - DEBUG - <comtypes.client._events.CreateEventReceiver.<locals>.Sink object at 0x0000020BD92E3610>.AddRef() -> 2
2025-03-19 10:19:53,962 - DEBUG - unimplemented method _ISpeechVoiceEvents_Viseme called
2025-03-19 10:19:53,963 - DEBUG - <comtypes.client._events.CreateEventReceiver.<locals>.Sink object at 0x0000020BD92E3610>.Release() -> 1
2025-03-19 10:19:54,064 - DEBUG - <comtypes.client._events.CreateEventReceiver.<locals>.Sink object at 0x0000020BD92E3610>.AddRef() -> 2
2025-03-19 10:19:54,064 - DEBUG - unimplemented method _ISpeechVoiceEvents_Phoneme called
2025-03-19 10:19:54,064 - DEBUG - <comtypes.client._events.CreateEventReceiver.<locals>.Sink object at 0x0000020BD92E3610>.Release() -> 1
2025-03-19 10:19:54,065 - DEBUG - <comtypes.client._events.CreateEventReceiver.<locals>.Sink object at 0x0000020BD92E3610>.AddRef() -> 2
2025-03-19 10:19:54,065 - DEBUG - unimplemented method _ISpeechVoiceEvents_Viseme called
2025-03-19 10:19:54,065 - DEBUG - <comtypes.client._events.CreateEventReceiver.<locals>.Sink object at 0x0000020BD92E3610>.Release() -> 1
2025-03-19 10:19:54,167 - DEBUG - <comtypes.client._events.CreateEventReceiver.<locals>.Sink object at 0x0000020BD92E3610>.AddRef() -> 2
2025-03-19 10:19:54,167 - DEBUG - unimplemented method _ISpeechVoiceEvents_Phoneme called
2025-03-19 10:19:54,167 - DEBUG - <comtypes.client._events.CreateEventReceiver.<locals>.Sink object at 0x0000020BD92E3610>.Release() -> 1
2025-03-19 10:19:54,167 - DEBUG - <comtypes.client._events.CreateEventReceiver.<locals>.Sink object at 0x0000020BD92E3610>.AddRef() -> 2
2025-03-19 10:19:54,168 - DEBUG - unimplemented method _ISpeechVoiceEvents_Viseme called
2025-03-19 10:19:54,168 - DEBUG - <comtypes.client._events.CreateEventReceiver.<locals>.Sink object at 0x0000020BD92E3610>.Release() -> 1
2025-03-19 10:19:54,219 - DEBUG - <comtypes.client._events.CreateEventReceiver.<locals>.Sink object at 0x0000020BD92E3610>.AddRef() -> 2
2025-03-19 10:19:54,219 - DEBUG - <comtypes.client._events.CreateEventReceiver.<locals>.Sink object at 0x0000020BD92E3610>.Release() -> 1
2025-03-19 10:19:54,219 - DEBUG - <comtypes.client._events.CreateEventReceiver.<locals>.Sink object at 0x0000020BD92E3610>.AddRef() -> 2
2025-03-19 10:19:54,220 - DEBUG - unimplemented method _ISpeechVoiceEvents_Phoneme called
2025-03-19 10:19:54,220 - DEBUG - <comtypes.client._events.CreateEventReceiver.<locals>.Sink object at 0x0000020BD92E3610>.Release() -> 1
2025-03-19 10:19:54,220 - DEBUG - <comtypes.client._events.CreateEventReceiver.<locals>.Sink object at 0x0000020BD92E3610>.AddRef() -> 2
2025-03-19 10:19:54,220 - DEBUG - unimplemented method _ISpeechVoiceEvents_Viseme called
2025-03-19 10:19:54,220 - DEBUG - <comtypes.client._events.CreateEventReceiver.<locals>.Sink object at 0x0000020BD92E3610>.Release() -> 1
2025-03-19 10:19:54,271 - DEBUG - <comtypes.client._events.CreateEventReceiver.<locals>.Sink object at 0x0000020BD92E3610>.AddRef() -> 2
2025-03-19 10:19:54,271 - DEBUG - unimplemented method _ISpeechVoiceEvents_Phoneme called
2025-03-19 10:19:54,271 - DEBUG - <comtypes.client._events.CreateEventReceiver.<locals>.Sink object at 0x0000020BD92E3610>.Release() -> 1
2025-03-19 10:19:54,271 - DEBUG - <comtypes.client._events.CreateEventReceiver.<locals>.Sink object at 0x0000020BD92E3610>.AddRef() -> 2
2025-03-19 10:19:54,272 - DEBUG - unimplemented method _ISpeechVoiceEvents_Viseme called
2025-03-19 10:19:54,272 - DEBUG - <comtypes.client._events.CreateEventReceiver.<locals>.Sink object at 0x0000020BD92E3610>.Release() -> 1
2025-03-19 10:19:54,323 - DEBUG - <comtypes.client._events.CreateEventReceiver.<locals>.Sink object at 0x0000020BD92E3610>.AddRef() -> 2
2025-03-19 10:19:54,324 - DEBUG - unimplemented method _ISpeechVoiceEvents_Phoneme called
2025-03-19 10:19:54,324 - DEBUG - <comtypes.client._events.CreateEventReceiver.<locals>.Sink object at 0x0000020BD92E3610>.Release() -> 1
2025-03-19 10:19:54,324 - DEBUG - <comtypes.client._events.CreateEventReceiver.<locals>.Sink object at 0x0000020BD92E3610>.AddRef() -> 2
2025-03-19 10:19:54,324 - DEBUG - unimplemented method _ISpeechVoiceEvents_Viseme called
2025-03-19 10:19:54,325 - DEBUG - <comtypes.client._events.CreateEventReceiver.<locals>.Sink object at 0x0000020BD92E3610>.Release() -> 1
2025-03-19 10:19:54,376 - DEBUG - <comtypes.client._events.CreateEventReceiver.<locals>.Sink object at 0x0000020BD92E3610>.AddRef() -> 2
2025-03-19 10:19:54,376 - DEBUG - unimplemented method _ISpeechVoiceEvents_Viseme called
2025-03-19 10:19:54,376 - DEBUG - <comtypes.client._events.CreateEventReceiver.<locals>.Sink object at 0x0000020BD92E3610>.Release() -> 1
2025-03-19 10:19:54,477 - DEBUG - <comtypes.client._events.CreateEventReceiver.<locals>.Sink object at 0x0000020BD92E3610>.AddRef() -> 2
2025-03-19 10:19:54,477 - DEBUG - unimplemented method _ISpeechVoiceEvents_Phoneme called
2025-03-19 10:19:54,477 - DEBUG - <comtypes.client._events.CreateEventReceiver.<locals>.Sink object at 0x0000020BD92E3610>.Release() -> 1
2025-03-19 10:19:54,477 - DEBUG - <comtypes.client._events.CreateEventReceiver.<locals>.Sink object at 0x0000020BD92E3610>.AddRef() -> 2
2025-03-19 10:19:54,477 - DEBUG - unimplemented method _ISpeechVoiceEvents_Viseme called
2025-03-19 10:19:54,477 - DEBUG - <comtypes.client._events.CreateEventReceiver.<locals>.Sink object at 0x0000020BD92E3610>.Release() -> 1
2025-03-19 10:19:54,529 - DEBUG - <comtypes.client._events.CreateEventReceiver.<locals>.Sink object at 0x0000020BD92E3610>.AddRef() -> 2
2025-03-19 10:19:54,529 - DEBUG - <comtypes.client._events.CreateEventReceiver.<locals>.Sink object at 0x0000020BD92E3610>.Release() -> 1
2025-03-19 10:19:54,529 - DEBUG - <comtypes.client._events.CreateEventReceiver.<locals>.Sink object at 0x0000020BD92E3610>.AddRef() -> 2
2025-03-19 10:19:54,529 - DEBUG - unimplemented method _ISpeechVoiceEvents_Phoneme called
2025-03-19 10:19:54,530 - DEBUG - <comtypes.client._events.CreateEventReceiver.<locals>.Sink object at 0x0000020BD92E3610>.Release() -> 1
2025-03-19 10:19:54,530 - DEBUG - <comtypes.client._events.CreateEventReceiver.<locals>.Sink object at 0x0000020BD92E3610>.AddRef() -> 2
2025-03-19 10:19:54,530 - DEBUG - unimplemented method _ISpeechVoiceEvents_Viseme called
2025-03-19 10:19:54,530 - DEBUG - <comtypes.client._events.CreateEventReceiver.<locals>.Sink object at 0x0000020BD92E3610>.Release() -> 1
2025-03-19 10:19:54,581 - DEBUG - <comtypes.client._events.CreateEventReceiver.<locals>.Sink object at 0x0000020BD92E3610>.AddRef() -> 2
2025-03-19 10:19:54,581 - DEBUG - unimplemented method _ISpeechVoiceEvents_Phoneme called
2025-03-19 10:19:54,581 - DEBUG - <comtypes.client._events.CreateEventReceiver.<locals>.Sink object at 0x0000020BD92E3610>.Release() -> 1
2025-03-19 10:19:54,581 - DEBUG - <comtypes.client._events.CreateEventReceiver.<locals>.Sink object at 0x0000020BD92E3610>.AddRef() -> 2
2025-03-19 10:19:54,582 - DEBUG - unimplemented method _ISpeechVoiceEvents_Viseme called
2025-03-19 10:19:54,582 - DEBUG - <comtypes.client._events.CreateEventReceiver.<locals>.Sink object at 0x0000020BD92E3610>.Release() -> 1
2025-03-19 10:19:54,683 - DEBUG - <comtypes.client._events.CreateEventReceiver.<locals>.Sink object at 0x0000020BD92E3610>.AddRef() -> 2
2025-03-19 10:19:54,683 - DEBUG - unimplemented method _ISpeechVoiceEvents_Phoneme called
2025-03-19 10:19:54,683 - DEBUG - <comtypes.client._events.CreateEventReceiver.<locals>.Sink object at 0x0000020BD92E3610>.Release() -> 1
2025-03-19 10:19:54,683 - DEBUG - <comtypes.client._events.CreateEventReceiver.<locals>.Sink object at 0x0000020BD92E3610>.AddRef() -> 2
2025-03-19 10:19:54,684 - DEBUG - unimplemented method _ISpeechVoiceEvents_Viseme called
2025-03-19 10:19:54,684 - DEBUG - <comtypes.client._events.CreateEventReceiver.<locals>.Sink object at 0x0000020BD92E3610>.Release() -> 1
2025-03-19 10:19:54,735 - DEBUG - <comtypes.client._events.CreateEventReceiver.<locals>.Sink object at 0x0000020BD92E3610>.AddRef() -> 2
2025-03-19 10:19:54,735 - DEBUG - unimplemented method _ISpeechVoiceEvents_Phoneme called
2025-03-19 10:19:54,735 - DEBUG - <comtypes.client._events.CreateEventReceiver.<locals>.Sink object at 0x0000020BD92E3610>.Release() -> 1
2025-03-19 10:19:54,736 - DEBUG - <comtypes.client._events.CreateEventReceiver.<locals>.Sink object at 0x0000020BD92E3610>.AddRef() -> 2
2025-03-19 10:19:54,736 - DEBUG - unimplemented method _ISpeechVoiceEvents_Viseme called
2025-03-19 10:19:54,736 - DEBUG - <comtypes.client._events.CreateEventReceiver.<locals>.Sink object at 0x0000020BD92E3610>.Release() -> 1
2025-03-19 10:19:54,788 - DEBUG - <comtypes.client._events.CreateEventReceiver.<locals>.Sink object at 0x0000020BD92E3610>.AddRef() -> 2
2025-03-19 10:19:54,788 - DEBUG - <comtypes.client._events.CreateEventReceiver.<locals>.Sink object at 0x0000020BD92E3610>.Release() -> 1
2025-03-19 10:19:54,788 - DEBUG - <comtypes.client._events.CreateEventReceiver.<locals>.Sink object at 0x0000020BD92E3610>.AddRef() -> 2
2025-03-19 10:19:54,788 - DEBUG - unimplemented method _ISpeechVoiceEvents_Phoneme called
2025-03-19 10:19:54,788 - DEBUG - <comtypes.client._events.CreateEventReceiver.<locals>.Sink object at 0x0000020BD92E3610>.Release() -> 1
2025-03-19 10:19:54,788 - DEBUG - <comtypes.client._events.CreateEventReceiver.<locals>.Sink object at 0x0000020BD92E3610>.AddRef() -> 2
2025-03-19 10:19:54,789 - DEBUG - unimplemented method _ISpeechVoiceEvents_Viseme called
2025-03-19 10:19:54,789 - DEBUG - <comtypes.client._events.CreateEventReceiver.<locals>.Sink object at 0x0000020BD92E3610>.Release() -> 1
2025-03-19 10:19:54,840 - DEBUG - <comtypes.client._events.CreateEventReceiver.<locals>.Sink object at 0x0000020BD92E3610>.AddRef() -> 2
2025-03-19 10:19:54,840 - DEBUG - unimplemented method _ISpeechVoiceEvents_Phoneme called
2025-03-19 10:19:54,840 - DEBUG - <comtypes.client._events.CreateEventReceiver.<locals>.Sink object at 0x0000020BD92E3610>.Release() -> 1
2025-03-19 10:19:54,840 - DEBUG - <comtypes.client._events.CreateEventReceiver.<locals>.Sink object at 0x0000020BD92E3610>.AddRef() -> 2
2025-03-19 10:19:54,841 - DEBUG - unimplemented method _ISpeechVoiceEvents_Viseme called
2025-03-19 10:19:54,841 - DEBUG - <comtypes.client._events.CreateEventReceiver.<locals>.Sink object at 0x0000020BD92E3610>.Release() -> 1
2025-03-19 10:19:54,943 - DEBUG - <comtypes.client._events.CreateEventReceiver.<locals>.Sink object at 0x0000020BD92E3610>.AddRef() -> 2
2025-03-19 10:19:54,943 - DEBUG - unimplemented method _ISpeechVoiceEvents_Phoneme called
2025-03-19 10:19:54,944 - DEBUG - <comtypes.client._events.CreateEventReceiver.<locals>.Sink object at 0x0000020BD92E3610>.Release() -> 1
2025-03-19 10:19:54,944 - DEBUG - <comtypes.client._events.CreateEventReceiver.<locals>.Sink object at 0x0000020BD92E3610>.AddRef() -> 2
2025-03-19 10:19:54,944 - DEBUG - unimplemented method _ISpeechVoiceEvents_Viseme called
2025-03-19 10:19:54,944 - DEBUG - <comtypes.client._events.CreateEventReceiver.<locals>.Sink object at 0x0000020BD92E3610>.Release() -> 1
2025-03-19 10:19:55,046 - DEBUG - <comtypes.client._events.CreateEventReceiver.<locals>.Sink object at 0x0000020BD92E3610>.AddRef() -> 2
2025-03-19 10:19:55,046 - DEBUG - unimplemented method _ISpeechVoiceEvents_Phoneme called
2025-03-19 10:19:55,046 - DEBUG - <comtypes.client._events.CreateEventReceiver.<locals>.Sink object at 0x0000020BD92E3610>.Release() -> 1
2025-03-19 10:19:55,047 - DEBUG - <comtypes.client._events.CreateEventReceiver.<locals>.Sink object at 0x0000020BD92E3610>.AddRef() -> 2
2025-03-19 10:19:55,047 - DEBUG - unimplemented method _ISpeechVoiceEvents_Viseme called
2025-03-19 10:19:55,047 - DEBUG - <comtypes.client._events.CreateEventReceiver.<locals>.Sink object at 0x0000020BD92E3610>.Release() -> 1
2025-03-19 10:19:55,098 - DEBUG - <comtypes.client._events.CreateEventReceiver.<locals>.Sink object at 0x0000020BD92E3610>.AddRef() -> 2
2025-03-19 10:19:55,098 - DEBUG - <comtypes.client._events.CreateEventReceiver.<locals>.Sink object at 0x0000020BD92E3610>.Release() -> 1
2025-03-19 10:19:55,098 - DEBUG - <comtypes.client._events.CreateEventReceiver.<locals>.Sink object at 0x0000020BD92E3610>.AddRef() -> 2
2025-03-19 10:19:55,098 - DEBUG - unimplemented method _ISpeechVoiceEvents_Phoneme called
2025-03-19 10:19:55,098 - DEBUG - <comtypes.client._events.CreateEventReceiver.<locals>.Sink object at 0x0000020BD92E3610>.Release() -> 1
2025-03-19 10:19:55,098 - DEBUG - <comtypes.client._events.CreateEventReceiver.<locals>.Sink object at 0x0000020BD92E3610>.AddRef() -> 2
2025-03-19 10:19:55,100 - DEBUG - unimplemented method _ISpeechVoiceEvents_Viseme called
2025-03-19 10:19:55,100 - DEBUG - <comtypes.client._events.CreateEventReceiver.<locals>.Sink object at 0x0000020BD92E3610>.Release() -> 1
2025-03-19 10:19:55,301 - DEBUG - <comtypes.client._events.CreateEventReceiver.<locals>.Sink object at 0x0000020BD92E3610>.AddRef() -> 2
2025-03-19 10:19:55,301 - DEBUG - unimplemented method _ISpeechVoiceEvents_Phoneme called
2025-03-19 10:19:55,302 - DEBUG - <comtypes.client._events.CreateEventReceiver.<locals>.Sink object at 0x0000020BD92E3610>.Release() -> 1
2025-03-19 10:19:55,302 - DEBUG - <comtypes.client._events.CreateEventReceiver.<locals>.Sink object at 0x0000020BD92E3610>.AddRef() -> 2
2025-03-19 10:19:55,302 - DEBUG - unimplemented method _ISpeechVoiceEvents_Viseme called
2025-03-19 10:19:55,303 - DEBUG - <comtypes.client._events.CreateEventReceiver.<locals>.Sink object at 0x0000020BD92E3610>.Release() -> 1
2025-03-19 10:19:55,453 - DEBUG - <comtypes.client._events.CreateEventReceiver.<locals>.Sink object at 0x0000020BD92E3610>.AddRef() -> 2
2025-03-19 10:19:55,453 - DEBUG - unimplemented method _ISpeechVoiceEvents_Phoneme called
2025-03-19 10:19:55,453 - DEBUG - <comtypes.client._events.CreateEventReceiver.<locals>.Sink object at 0x0000020BD92E3610>.Release() -> 1
2025-03-19 10:19:55,453 - DEBUG - <comtypes.client._events.CreateEventReceiver.<locals>.Sink object at 0x0000020BD92E3610>.AddRef() -> 2
2025-03-19 10:19:55,453 - DEBUG - unimplemented method _ISpeechVoiceEvents_Viseme called
2025-03-19 10:19:55,455 - DEBUG - <comtypes.client._events.CreateEventReceiver.<locals>.Sink object at 0x0000020BD92E3610>.Release() -> 1
2025-03-19 10:19:56,161 - DEBUG - <comtypes.client._events.CreateEventReceiver.<locals>.Sink object at 0x0000020BD92E3610>.AddRef() -> 2
2025-03-19 10:19:56,161 - DEBUG - <comtypes.client._events.CreateEventReceiver.<locals>.Sink object at 0x0000020BD92E3610>.Release() -> 1
2025-03-19 10:19:56,214 - DEBUG - Release <POINTER(ISpeechVoice) ptr=0x20ba51d77b0 at 20c1c551650>
2025-03-19 10:19:56,214 - DEBUG - <comtypes.client._events.CreateEventReceiver.<locals>.Sink object at 0x0000020BD92E3610>.Release() -> 0
2025-03-19 10:19:56,214 - DEBUG - 0 active COM objects: Removed <comtypes.client._events.CreateEventReceiver.<locals>.Sink object at 0x0000020BD92E3610>
2025-03-19 10:19:56,214 - DEBUG - Remaining: []
2025-03-19 10:19:56,216 - DEBUG - Release <POINTER(IConnectionPoint) ptr=0x20ba51d77b8 at 20c1c551d50>
2025-03-19 10:26:02,090 - DEBUG - Calling CoUninitialize()
2025-03-19 10:26:02,090 - DEBUG - CoUninitialize() done.
